#include "kni_logo.h"

#if KNI_LOGO_VALID
static const uint8_t _kni_logo_map[] = {
    0x62, 0x08, 0x62, 0x08, 0x62, 0x08, 0x62, 0x08, 0x62, 0x08, 0x62, 0x08, 0x62, 0x08, 0x62, 0x08,
    0x62, 0x08, 0x62, 0x08, 0x62, 0x08, 0x62, 0x08, 0x62, 0x08, 0x62, 0x08, 0x62, 0x08, 0x62, 0x08,
    0x62, 0x08, 0x62, 0x08, 0x62, 0x08, 0x62, 0x08, 0x62, 0x08, 0x62, 0x08, 0x62, 0x08, 0x62, 0x08,
    0x62, 0x08, 0x62, 0x08, 0x62, 0x08, 0x62, 0x08, 0x62, 0x08, 0x62, 0x08, 0x62, 0x08, 0x62, 0x08,
    0x62, 0x08, 0x62, 0x08, 0x62, 0x08, 0x62, 0x08, 0x62, 0x08, 0x62, 0x08, 0x62, 0x08, 0x62, 0x08,
    0x62, 0x08, 0x62, 0x08, 0x62, 0x08, 0x62, 0x08, 0x62, 0x08, 0x62, 0x08, 0x62, 0x08, 0x62, 0x08,
    0x62, 0x08, 0x62, 0x08, 0x62, 0x08, 0x62, 0x08, 0x62, 0x08, 0x62, 0x08, 0x62, 0x08, 0x62, 0x08,
    0x62, 0x08, 0x62, 0x08, 0x62, 0x08, 0x62, 0x08, 0x62, 0x08, 0x62, 0x08, 0x62, 0x08, 0x62, 0x08,
    0x62, 0x08, 0x62, 0x08, 0x62, 0x08, 0x62, 0x08, 0x62, 0x08, 0x62, 0x08, 0x62, 0x08, 0x62, 0x08,
    0x62, 0x08, 0x62, 0x08, 0x62, 0x08, 0x62, 0x08, 0x62, 0x08, 0x62, 0x08, 0x62, 0x08, 0x62, 0x08,
    0x62, 0x08, 0x62, 0x08, 0x62, 0x08, 0x62, 0x08, 0x62, 0x08, 0x62, 0x08, 0x62, 0x08, 0x62, 0x08,
    0x62, 0x08, 0x62, 0x08, 0x62, 0x08, 0x62, 0x08, 0x62, 0x08, 0x62, 0x08, 0x62, 0x08, 0x62, 0x08,
    0x62, 0x08, 0x62, 0x08, 0x62, 0x08, 0x62, 0x08, 0x62, 0x08, 0x62, 0x08, 0x62, 0x08, 0x62, 0x08,
    0x62, 0x08, 0x62, 0x08, 0x62, 0x08, 0x62, 0x08, 0x62, 0x08, 0x62, 0x08, 0x62, 0x08, 0x62, 0x08,
    0x62, 0x08, 0x62, 0x08, 0x62, 0x08, 0x62, 0x08, 0x62, 0x08, 0x62, 0x08, 0x62, 0x08, 0x62, 0x08,
    0x62, 0x08, 0x62, 0x08, 0x62, 0x08, 0x62, 0x08, 0x62, 0x08, 0x62, 0x08, 0x62, 0x08, 0x62, 0x08,
    0x62, 0x08, 0x62, 0x08, 0x62, 0x08, 0x62, 0x08, 0x62, 0x08, 0x62, 0x08, 0x62, 0x08, 0x62, 0x08,
    0x62, 0x08, 0x62, 0x08, 0x62, 0x08, 0x62, 0x08, 0x62, 0x08, 0x62, 0x08, 0x62, 0x08, 0x62, 0x08,
    0x62, 0x08, 0x62, 0x08, 0x62, 0x08, 0x62, 0x08, 0x62, 0x08, 0x62, 0x08, 0x62, 0x08, 0x62, 0x08,
    0x62, 0x08, 0x62, 0x08, 0x62, 0x08, 0x62, 0x08, 0x62, 0x08, 0x62, 0x08, 0x62, 0x08, 0x62, 0x08,
    0x62, 0x08, 0x62, 0x08, 0x62, 0x08, 0x62, 0x08, 0x62, 0x08, 0x62, 0x08, 0x62, 0x08, 0x62, 0x08,
    0x62, 0x08, 0x62, 0x08, 0x62, 0x08, 0x62, 0x08, 0x62, 0x08, 0x62, 0x08, 0x62, 0x08, 0x62, 0x08,
    0x62, 0x08, 0x62, 0x08, 0x62, 0x08, 0x62, 0x08, 0x62, 0x08, 0x62, 0x08, 0x62, 0x08, 0x62, 0x08,
    0x62, 0x08, 0x62, 0x08, 0x62, 0x08, 0x62, 0x08, 0x62, 0x08, 0x62, 0x08, 0x62, 0x08, 0x62, 0x08,
    0x62, 0x08, 0x62, 0x08, 0x62, 0x08, 0x62, 0x08, 0x62, 0x08, 0x62, 0x08, 0x62, 0x08, 0x62, 0x08,
    0x62, 0x08, 0x62, 0x08, 0x62, 0x08, 0x62, 0x08, 0x62, 0x08, 0x62, 0x08, 0x62, 0x08, 0x62, 0x08,
    0x62, 0x08, 0x62, 0x08, 0x62, 0x08, 0x62, 0x08, 0x62, 0x08, 0x62, 0x08, 0x62, 0x08, 0x62, 0x08,
    0x62, 0x08, 0x62, 0x08, 0x62, 0x08, 0x62, 0x08, 0x62, 0x08, 0x62, 0x08, 0x62, 0x08, 0x62, 0x08,
    0x62, 0x08, 0x62, 0x08, 0x62, 0x08, 0x62, 0x08, 0x62, 0x08, 0x62, 0x08, 0x62, 0x08, 0x62, 0x08,
    0x62, 0x08, 0x62, 0x08, 0x62, 0x08, 0x62, 0x08, 0x62, 0x08, 0x62, 0x08, 0x62, 0x08, 0x62, 0x08,
    0x62, 0x08, 0x62, 0x08, 0x62, 0x08, 0x62, 0x08, 0x62, 0x08, 0x62, 0x08, 0x62, 0x08, 0x62, 0x08,
    0x62, 0x08, 0x62, 0x08, 0x62, 0x08, 0x62, 0x08, 0x62, 0x08, 0x62, 0x08, 0x62, 0x08, 0x62, 0x08,
    0x62, 0x08, 0x62, 0x08, 0x62, 0x08, 0x62, 0x08, 0x62, 0x08, 0x62, 0x08, 0x62, 0x08, 0x62, 0x08,
    0x62, 0x08, 0x62, 0x08, 0x62, 0x08, 0x62, 0x08, 0x62, 0x08, 0x62, 0x08, 0x62, 0x08, 0x62, 0x08,
    0x62, 0x08, 0x62, 0x08, 0x62, 0x08, 0x62, 0x08, 0x62, 0x08, 0x62, 0x08, 0x62, 0x08, 0x62, 0x08,
    0x62, 0x08, 0x62, 0x08, 0x62, 0x08, 0x62, 0x08, 0x62, 0x08, 0x62, 0x08, 0x62, 0x08, 0x62, 0x08,
    0x62, 0x08, 0x62, 0x08, 0x62, 0x08, 0x62, 0x08, 0x62, 0x08, 0x62, 0x08, 0x62, 0x08, 0x62, 0x08,
    0x62, 0x08, 0x62, 0x08, 0x62, 0x08, 0x62, 0x08, 0x62, 0x08, 0x62, 0x08, 0x62, 0x08, 0x62, 0x08,
    0x62, 0x08, 0x62, 0x08, 0x62, 0x08, 0x62, 0x08, 0x62, 0x08, 0x62, 0x08, 0x62, 0x08, 0x62, 0x08,
    0x62, 0x08, 0x62, 0x08, 0x62, 0x08, 0x62, 0x08, 0x62, 0x08, 0x62, 0x08, 0x62, 0x08, 0x62, 0x08,
    0x62, 0x08, 0x62, 0x08, 0x62, 0x08, 0x62, 0x08, 0x62, 0x08, 0x62, 0x08, 0x62, 0x08, 0x62, 0x08,
    0x62, 0x08, 0x62, 0x08, 0x62, 0x08, 0x62, 0x08, 0x62, 0x08, 0x82, 0x08, 0x82, 0x08, 0x82, 0x08,
    0x82, 0x08, 0x82, 0x08, 0x82, 0x08, 0x62, 0x08, 0x62, 0x08, 0x62, 0x08, 0x62, 0x08, 0x62, 0x08,
    0x62, 0x08, 0x62, 0x08, 0x62, 0x08, 0x62, 0x08, 0x62, 0x08, 0x62, 0x08, 0x62, 0x08, 0x62, 0x08,
    0x62, 0x08, 0x62, 0x08, 0x62, 0x08, 0x62, 0x08, 0x62, 0x08, 0x62, 0x08, 0x62, 0x08, 0x62, 0x08,
    0x62, 0x08, 0x62, 0x08, 0x62, 0x08, 0x62, 0x08, 0x62, 0x08, 0x62, 0x08, 0x62, 0x08, 0x62, 0x08,
    0x62, 0x08, 0x62, 0x08, 0x62, 0x08, 0x62, 0x08, 0x62, 0x08, 0x62, 0x08, 0x62, 0x08, 0x62, 0x08,
    0x62, 0x08, 0x62, 0x08, 0x62, 0x08, 0x62, 0x08, 0x62, 0x08, 0x62, 0x08, 0x62, 0x08, 0x62, 0x08,
    0x62, 0x08, 0x62, 0x08, 0x62, 0x08, 0x62, 0x08, 0x62, 0x08, 0x62, 0x08, 0x62, 0x08, 0x62, 0x08,
    0x62, 0x08, 0x62, 0x08, 0x62, 0x08, 0x62, 0x08, 0x62, 0x08, 0x62, 0x08, 0x62, 0x08, 0x62, 0x08,
    0x62, 0x08, 0x62, 0x08, 0x62, 0x08, 0x62, 0x08, 0x62, 0x08, 0x62, 0x08, 0x62, 0x08, 0x62, 0x08,
    0x62, 0x08, 0x62, 0x08, 0x62, 0x08, 0x62, 0x08, 0x62, 0x08, 0x62, 0x08, 0x62, 0x08, 0x62, 0x08,
    0x62, 0x08, 0x62, 0x08, 0x62, 0x08, 0x62, 0x08, 0x62, 0x08, 0x62, 0x08, 0x82, 0x08, 0x82, 0x08,
    0x82, 0x08, 0x82, 0x08, 0x62, 0x08, 0x41, 0x00, 0x41, 0x00, 0x00, 0x00, 0x00, 0x00, 0x00, 0x00,
    0x00, 0x00, 0x00, 0x00, 0x00, 0x00, 0x41, 0x00, 0x41, 0x00, 0x62, 0x08, 0x82, 0x08, 0x82, 0x08,
    0x82, 0x08, 0x82, 0x08, 0x62, 0x08, 0x62, 0x08, 0x62, 0x08, 0x62, 0x08, 0x62, 0x08, 0x62, 0x08,
    0x62, 0x08, 0x62, 0x08, 0x62, 0x08, 0x62, 0x08, 0x62, 0x08, 0x62, 0x08, 0x62, 0x08, 0x62, 0x08,
    0x62, 0x08, 0x62, 0x08, 0x62, 0x08, 0x62, 0x08, 0x62, 0x08, 0x62, 0x08, 0x62, 0x08, 0x62, 0x08,
    0x62, 0x08, 0x62, 0x08, 0x62, 0x08, 0x62, 0x08, 0x62, 0x08, 0x62, 0x08, 0x62, 0x08, 0x62, 0x08,
    0x62, 0x08, 0x62, 0x08, 0x62, 0x08, 0x62, 0x08, 0x62, 0x08, 0x62, 0x08, 0x62, 0x08, 0x62, 0x08,
    0x62, 0x08, 0x62, 0x08, 0x62, 0x08, 0x62, 0x08, 0x62, 0x08, 0x62, 0x08, 0x62, 0x08, 0x62, 0x08,
    0x62, 0x08, 0x62, 0x08, 0x62, 0x08, 0x62, 0x08, 0x62, 0x08, 0x62, 0x08, 0x62, 0x08, 0x62, 0x08,
    0x62, 0x08, 0x62, 0x08, 0x62, 0x08, 0x62, 0x08, 0x62, 0x08, 0x62, 0x08, 0x62, 0x08, 0x62, 0x08,
    0x62, 0x08, 0x62, 0x08, 0x62, 0x08, 0x62, 0x08, 0x62, 0x08, 0x62, 0x08, 0x62, 0x08, 0x62, 0x08,
    0x62, 0x08, 0x62, 0x08, 0x62, 0x08, 0x82, 0x08, 0x82, 0x08, 0x62, 0x08, 0x21, 0x00, 0x00, 0x00,
    0x00, 0x00, 0x00, 0x00, 0x82, 0x08, 0xE4, 0x18, 0xE4, 0x18, 0x29, 0x42, 0x49, 0x42, 0x29, 0x42,
    0x29, 0x42, 0x29, 0x42, 0x49, 0x42, 0x25, 0x21, 0xE4, 0x18, 0xA3, 0x10, 0x00, 0x00, 0x00, 0x00,
    0x00, 0x00, 0x21, 0x00, 0x62, 0x08, 0x82, 0x08, 0x82, 0x08, 0x62, 0x08, 0x62, 0x08, 0x62, 0x08,
    0x62, 0x08, 0x62, 0x08, 0x62, 0x08, 0x62, 0x08, 0x62, 0x08, 0x62, 0x08, 0x62, 0x08, 0x62, 0x08,
    0x62, 0x08, 0x62, 0x08, 0x62, 0x08, 0x62, 0x08, 0x62, 0x08, 0x62, 0x08, 0x62, 0x08, 0x62, 0x08,
    0x62, 0x08, 0x62, 0x08, 0x62, 0x08, 0x62, 0x08, 0x62, 0x08, 0x62, 0x08, 0x62, 0x08, 0x62, 0x08,
    0x62, 0x08, 0x62, 0x08, 0x62, 0x08, 0x62, 0x08, 0x62, 0x08, 0x62, 0x08, 0x62, 0x08, 0x62, 0x08,
    0x62, 0x08, 0x62, 0x08, 0x62, 0x08, 0x62, 0x08, 0x62, 0x08, 0x62, 0x08, 0x62, 0x08, 0x62, 0x08,
    0x62, 0x08, 0x62, 0x08, 0x62, 0x08, 0x62, 0x08, 0x62, 0x08, 0x62, 0x08, 0x62, 0x08, 0x62, 0x08,
    0x62, 0x08, 0x62, 0x08, 0x62, 0x08, 0x62, 0x08, 0x62, 0x08, 0x62, 0x08, 0x62, 0x08, 0x62, 0x08,
    0x62, 0x08, 0x62, 0x08, 0x62, 0x08, 0x62, 0x08, 0x62, 0x08, 0x62, 0x08, 0x62, 0x08, 0x62, 0x08,
    0x82, 0x08, 0x82, 0x08, 0x41, 0x00, 0x00, 0x00, 0x00, 0x00, 0x62, 0x08, 0x86, 0x29, 0x2D, 0x63,
    0x31, 0x84, 0x76, 0xAD, 0x59, 0xC6, 0x1C, 0xDF, 0x1C, 0xDF, 0xBF, 0xF7, 0xDF, 0xF7, 0xDF, 0xF7,
    0xDF, 0xF7, 0xDF, 0xF7, 0xDF, 0xF7, 0x3D, 0xDF, 0x1C, 0xDF, 0xBB, 0xCE, 0xB7, 0xAD, 0x72, 0x8C,
    0x6E, 0x6B, 0xE8, 0x39, 0xA3, 0x10, 0x00, 0x00, 0x00, 0x00, 0x41, 0x00, 0x82, 0x08, 0x82, 0x08,
    0x62, 0x08, 0x62, 0x08, 0x62, 0x08, 0x62, 0x08, 0x62, 0x08, 0x62, 0x08, 0x62, 0x08, 0x62, 0x08,
    0x62, 0x08, 0x62, 0x08, 0x62, 0x08, 0x62, 0x08, 0x62, 0x08, 0x62, 0x08, 0x62, 0x08, 0x62, 0x08,
    0x62, 0x08, 0x62, 0x08, 0x62, 0x08, 0x62, 0x08, 0x62, 0x08, 0x62, 0x08, 0x62, 0x08, 0x62, 0x08,
    0x62, 0x08, 0x62, 0x08, 0x62, 0x08, 0x62, 0x08, 0x62, 0x08, 0x62, 0x08, 0x62, 0x08, 0x62, 0x08,
    0x62, 0x08, 0x62, 0x08, 0x62, 0x08, 0x62, 0x08, 0x62, 0x08, 0x62, 0x08, 0x62, 0x08, 0x62, 0x08,
    0x62, 0x08, 0x62, 0x08, 0x62, 0x08, 0x62, 0x08, 0x62, 0x08, 0x62, 0x08, 0x62, 0x08, 0x62, 0x08,
    0x62, 0x08, 0x62, 0x08, 0x62, 0x08, 0x62, 0x08, 0x62, 0x08, 0x62, 0x08, 0x62, 0x08, 0x62, 0x08,
    0x62, 0x08, 0x62, 0x08, 0x62, 0x08, 0x62, 0x08, 0x62, 0x08, 0x62, 0x08, 0x82, 0x08, 0x62, 0x08,
    0x00, 0x00, 0x00, 0x00, 0xC3, 0x10, 0x8A, 0x4A, 0xD3, 0x94, 0x79, 0xC6, 0x7E, 0xEF, 0xFF, 0xF7,
    0xFF, 0xFF, 0xDF, 0xF7, 0xBF, 0xF7, 0x9E, 0xEF, 0x9E, 0xEF, 0x7E, 0xE7, 0x7E, 0xE7, 0x7E, 0xE7,
    0x7E, 0xE7, 0x7E, 0xE7, 0x7E, 0xE7, 0x9E, 0xEF, 0x9E, 0xEF, 0xBF, 0xEF, 0xDF, 0xF7, 0xFF, 0xF7,
    0xFF, 0xFF, 0x9E, 0xEF, 0xBB, 0xD6, 0x55, 0xA5, 0x0C, 0x5B, 0x04, 0x21, 0x00, 0x00, 0x00, 0x00,
    0x62, 0x08, 0x82, 0x08, 0x62, 0x08, 0x62, 0x08, 0x62, 0x08, 0x62, 0x08, 0x62, 0x08, 0x62, 0x08,
    0x62, 0x08, 0x62, 0x08, 0x62, 0x08, 0x62, 0x08, 0x62, 0x08, 0x62, 0x08, 0x62, 0x08, 0x62, 0x08,
    0x62, 0x08, 0x62, 0x08, 0x62, 0x08, 0x62, 0x08, 0x62, 0x08, 0x62, 0x08, 0x62, 0x08, 0x62, 0x08,
    0x62, 0x08, 0x62, 0x08, 0x62, 0x08, 0x62, 0x08, 0x62, 0x08, 0x62, 0x08, 0x62, 0x08, 0x62, 0x08,
    0x62, 0x08, 0x62, 0x08, 0x62, 0x08, 0x62, 0x08, 0x62, 0x08, 0x62, 0x08, 0x62, 0x08, 0x62, 0x08,
    0x62, 0x08, 0x62, 0x08, 0x62, 0x08, 0x62, 0x08, 0x62, 0x08, 0x62, 0x08, 0x62, 0x08, 0x62, 0x08,
    0x62, 0x08, 0x62, 0x08, 0x62, 0x08, 0x62, 0x08, 0x62, 0x08, 0x62, 0x08, 0x62, 0x08, 0x62, 0x08,
    0x62, 0x08, 0x62, 0x08, 0x62, 0x08, 0x62, 0x08, 0x82, 0x08, 0x62, 0x08, 0x00, 0x00, 0x42, 0x08,
    0x49, 0x42, 0xD3, 0x94, 0xDB, 0xD6, 0xDF, 0xF7, 0xFF, 0xF7, 0xBF, 0xF7, 0x7E, 0xEF, 0x5D, 0xE7,
    0x5D, 0xE7, 0x5D, 0xE7, 0x5D, 0xE7, 0x5D, 0xE7, 0x5D, 0xE7, 0x7E, 0xE7, 0x7E, 0xE7, 0x7E, 0xE7,
    0x7E, 0xE7, 0x7E, 0xE7, 0x7E, 0xE7, 0x5D, 0xE7, 0x5D, 0xE7, 0x5D, 0xE7, 0x5D, 0xE7, 0x5D, 0xE7,
    0x5D, 0xE7, 0x7E, 0xE7, 0xBF, 0xEF, 0xFF, 0xF7, 0xFF, 0xF7, 0x3D, 0xDF, 0x76, 0xA5, 0xEC, 0x5A,
    0xA3, 0x10, 0x00, 0x00, 0x41, 0x00, 0x82, 0x08, 0x62, 0x08, 0x62, 0x08, 0x62, 0x08, 0x62, 0x08,
    0x62, 0x08, 0x62, 0x08, 0x62, 0x08, 0x62, 0x08, 0x62, 0x08, 0x62, 0x08, 0x62, 0x08, 0x62, 0x08,
    0x62, 0x08, 0x62, 0x08, 0x62, 0x08, 0x62, 0x08, 0x62, 0x08, 0x62, 0x08, 0x62, 0x08, 0x62, 0x08,
    0x62, 0x08, 0x62, 0x08, 0x62, 0x08, 0x62, 0x08, 0x62, 0x08, 0x62, 0x08, 0x62, 0x08, 0x62, 0x08,
    0x62, 0x08, 0x62, 0x08, 0x62, 0x08, 0x62, 0x08, 0x62, 0x08, 0x62, 0x08, 0x62, 0x08, 0x62, 0x08,
    0x62, 0x08, 0x62, 0x08, 0x62, 0x08, 0x62, 0x08, 0x62, 0x08, 0x62, 0x08, 0x62, 0x08, 0x62, 0x08,
    0x62, 0x08, 0x62, 0x08, 0x62, 0x08, 0x62, 0x08, 0x62, 0x08, 0x62, 0x08, 0x62, 0x08, 0x62, 0x08,
    0x62, 0x08, 0x62, 0x08, 0x82, 0x08, 0x62, 0x08, 0x00, 0x00, 0x62, 0x08, 0x0C, 0x5B, 0x59, 0xC6,
    0xBF, 0xF7, 0xFF, 0xF7, 0x9E, 0xEF, 0x5D, 0xE7, 0x5D, 0xE7, 0x5D, 0xE7, 0x5D, 0xE7, 0x7E, 0xE7,
    0x9E, 0xEF, 0xDF, 0xF7, 0xFF, 0xF7, 0xFF, 0xFF, 0xFF, 0xFF, 0xDF, 0xF7, 0xDF, 0xF7, 0xDF, 0xF7,
    0xDF, 0xF7, 0xDF, 0xF7, 0xDF, 0xF7, 0xFF, 0xF7, 0xFF, 0xFF, 0xFF, 0xF7, 0xDF, 0xF7, 0x9E, 0xEF,
    0x7E, 0xE7, 0x5D, 0xE7, 0x5D, 0xE7, 0x5D, 0xE7, 0x5D, 0xE7, 0x9E, 0xEF, 0xDF, 0xF7, 0xDF, 0xF7,
    0xDB, 0xD6, 0xF0, 0x7B, 0xE4, 0x18, 0x00, 0x00, 0x41, 0x00, 0x82, 0x08, 0x62, 0x08, 0x62, 0x08,
    0x62, 0x08, 0x62, 0x08, 0x62, 0x08, 0x62, 0x08, 0x62, 0x08, 0x62, 0x08, 0x62, 0x08, 0x62, 0x08,
    0x62, 0x08, 0x62, 0x08, 0x62, 0x08, 0x62, 0x08, 0x62, 0x08, 0x62, 0x08, 0x62, 0x08, 0x62, 0x08,
    0x62, 0x08, 0x62, 0x08, 0x62, 0x08, 0x62, 0x08, 0x62, 0x08, 0x62, 0x08, 0x62, 0x08, 0x62, 0x08,
    0x62, 0x08, 0x62, 0x08, 0x62, 0x08, 0x62, 0x08, 0x62, 0x08, 0x62, 0x08, 0x62, 0x08, 0x62, 0x08,
    0x62, 0x08, 0x62, 0x08, 0x62, 0x08, 0x62, 0x08, 0x62, 0x08, 0x62, 0x08, 0x62, 0x08, 0x62, 0x08,
    0x62, 0x08, 0x62, 0x08, 0x62, 0x08, 0x62, 0x08, 0x62, 0x08, 0x62, 0x08, 0x62, 0x08, 0x62, 0x08,
    0x82, 0x08, 0x82, 0x08, 0x00, 0x00, 0x62, 0x08, 0x0C, 0x5B, 0x79, 0xC6, 0xFF, 0xF7, 0xBF, 0xF7,
    0x7E, 0xE7, 0x5D, 0xE7, 0x5D, 0xE7, 0x5D, 0xE7, 0x7E, 0xEF, 0xDF, 0xF7, 0xFF, 0xFF, 0xBF, 0xF7,
    0x1C, 0xDF, 0x18, 0xBE, 0x35, 0x9D, 0xF0, 0x7B, 0xCF, 0x73, 0x49, 0x42, 0x29, 0x42, 0x49, 0x42,
    0x29, 0x42, 0x49, 0x42, 0x29, 0x42, 0x8E, 0x6B, 0xF0, 0x7B, 0xD3, 0x94, 0xF7, 0xB5, 0xDB, 0xD6,
    0x9E, 0xEF, 0xFF, 0xFF, 0xDF, 0xF7, 0x9E, 0xEF, 0x5D, 0xE7, 0x5D, 0xE7, 0x5D, 0xE7, 0x5D, 0xE7,
    0x9E, 0xEF, 0xFF, 0xFF, 0xFC, 0xDE, 0xF0, 0x7B, 0xE4, 0x18, 0x00, 0x00, 0x62, 0x08, 0x82, 0x08,
    0x62, 0x08, 0x62, 0x08, 0x62, 0x08, 0x62, 0x08, 0x62, 0x08, 0x62, 0x08, 0x62, 0x08, 0x62, 0x08,
    0x62, 0x08, 0x62, 0x08, 0x62, 0x08, 0x62, 0x08, 0x62, 0x08, 0x62, 0x08, 0x62, 0x08, 0x62, 0x08,
    0x62, 0x08, 0x62, 0x08, 0x62, 0x08, 0x62, 0x08, 0x62, 0x08, 0x62, 0x08, 0x62, 0x08, 0x62, 0x08,
    0x62, 0x08, 0x62, 0x08, 0x62, 0x08, 0x62, 0x08, 0x62, 0x08, 0x62, 0x08, 0x62, 0x08, 0x62, 0x08,
    0x62, 0x08, 0x62, 0x08, 0x62, 0x08, 0x62, 0x08, 0x62, 0x08, 0x62, 0x08, 0x62, 0x08, 0x62, 0x08,
    0x62, 0x08, 0x62, 0x08, 0x62, 0x08, 0x62, 0x08, 0x62, 0x08, 0x62, 0x08, 0x62, 0x08, 0x82, 0x08,
    0x41, 0x00, 0x00, 0x00, 0x6A, 0x4A, 0x7A, 0xC6, 0xFF, 0xF7, 0xBF, 0xF7, 0x5D, 0xE7, 0x5D, 0xE7,
    0x5D, 0xE7, 0x7E, 0xE7, 0xDF, 0xF7, 0xFF, 0xFF, 0x7E, 0xEF, 0xD7, 0xB5, 0xF0, 0x7B, 0x49, 0x42,
    0x04, 0x19, 0x41, 0x00, 0x00, 0x00, 0x00, 0x00, 0x00, 0x00, 0x00, 0x00, 0x00, 0x00, 0x00, 0x00,
    0x00, 0x00, 0x00, 0x00, 0x00, 0x00, 0x00, 0x00, 0x00, 0x00, 0x00, 0x00, 0x21, 0x00, 0xC3, 0x10,
    0xC7, 0x31, 0x6E, 0x6B, 0x55, 0xA5, 0x3D, 0xDF, 0xFF, 0xF7, 0xDF, 0xF7, 0x7E, 0xEF, 0x5D, 0xE7,
    0x7E, 0xE7, 0x5D, 0xE7, 0x9E, 0xEF, 0xFF, 0xFF, 0x1C, 0xDF, 0x6E, 0x6B, 0x41, 0x08, 0x21, 0x00,
    0x82, 0x08, 0x62, 0x08, 0x62, 0x08, 0x62, 0x08, 0x62, 0x08, 0x62, 0x08, 0x62, 0x08, 0x62, 0x08,
    0x62, 0x08, 0x62, 0x08, 0x62, 0x08, 0x62, 0x08, 0x62, 0x08, 0x62, 0x08, 0x62, 0x08, 0x62, 0x08,
    0x62, 0x08, 0x62, 0x08, 0x62, 0x08, 0x62, 0x08, 0x62, 0x08, 0x62, 0x08, 0x62, 0x08, 0x62, 0x08,
    0x62, 0x08, 0x62, 0x08, 0x62, 0x08, 0x62, 0x08, 0x62, 0x08, 0x62, 0x08, 0x62, 0x08, 0x62, 0x08,
    0x62, 0x08, 0x62, 0x08, 0x62, 0x08, 0x62, 0x08, 0x62, 0x08, 0x62, 0x08, 0x62, 0x08, 0x62, 0x08,
    0x62, 0x08, 0x62, 0x08, 0x62, 0x08, 0x62, 0x08, 0x62, 0x08, 0x62, 0x08, 0x82, 0x08, 0x00, 0x00,
    0xE4, 0x18, 0x14, 0x9D, 0xDF, 0xF7, 0xBF, 0xF7, 0x5D, 0xE7, 0x7E, 0xE7, 0x5D, 0xE7, 0x7E, 0xEF,
    0xFF, 0xF7, 0xBF, 0xEF, 0xF8, 0xB5, 0xAF, 0x73, 0x86, 0x29, 0x41, 0x00, 0x00, 0x00, 0x00, 0x00,
    0x41, 0x00, 0x62, 0x08, 0x82, 0x08, 0x82, 0x08, 0x82, 0x08, 0x82, 0x08, 0x82, 0x08, 0x82, 0x08,
    0x82, 0x08, 0x82, 0x08, 0x82, 0x08, 0x82, 0x08, 0x82, 0x08, 0x82, 0x08, 0x82, 0x08, 0x41, 0x00,
    0x21, 0x00, 0x00, 0x00, 0x00, 0x00, 0x04, 0x21, 0x0C, 0x5B, 0x75, 0xA5, 0x5D, 0xE7, 0xFF, 0xFF,
    0x9E, 0xEF, 0x5D, 0xE7, 0x7E, 0xE7, 0x5D, 0xE7, 0x9E, 0xEF, 0xFF, 0xFF, 0x38, 0xBE, 0xC7, 0x31,
    0x00, 0x00, 0x62, 0x08, 0x82, 0x08, 0x62, 0x08, 0x62, 0x08, 0x62, 0x08, 0x62, 0x08, 0x62, 0x08,
    0x62, 0x08, 0x62, 0x08, 0x62, 0x08, 0x62, 0x08, 0x62, 0x08, 0x62, 0x08, 0x62, 0x08, 0x62, 0x08,
    0x62, 0x08, 0x62, 0x08, 0x62, 0x08, 0x62, 0x08, 0x62, 0x08, 0x62, 0x08, 0x62, 0x08, 0x62, 0x08,
    0x62, 0x08, 0x62, 0x08, 0x62, 0x08, 0x62, 0x08, 0x62, 0x08, 0x62, 0x08, 0x62, 0x08, 0x62, 0x08,
    0x62, 0x08, 0x62, 0x08, 0x62, 0x08, 0x62, 0x08, 0x62, 0x08, 0x62, 0x08, 0x62, 0x08, 0x62, 0x08,
    0x62, 0x08, 0x62, 0x08, 0x62, 0x08, 0x62, 0x08, 0x82, 0x08, 0x62, 0x08, 0x00, 0x00, 0xAB, 0x52,
    0xFC, 0xDE, 0xFF, 0xF7, 0x5D, 0xE7, 0x7E, 0xE7, 0x5D, 0xE7, 0x7E, 0xEF, 0xFF, 0xF7, 0x7E, 0xEF,
    0xD3, 0x94, 0xE8, 0x39, 0x41, 0x00, 0x00, 0x00, 0x21, 0x00, 0x62, 0x08, 0x82, 0x08, 0x82, 0x08,
    0x62, 0x08, 0x62, 0x08, 0x62, 0x08, 0x62, 0x08, 0x62, 0x08, 0x62, 0x08, 0x62, 0x08, 0x62, 0x08,
    0x62, 0x08, 0x62, 0x08, 0x62, 0x08, 0x62, 0x08, 0x62, 0x08, 0x62, 0x08, 0x62, 0x08, 0x62, 0x08,
    0x82, 0x08, 0x82, 0x08, 0x82, 0x08, 0x41, 0x00, 0x00, 0x00, 0x00, 0x00, 0x66, 0x29, 0xF0, 0x7B,
    0xFC, 0xDE, 0xFF, 0xFF, 0x9E, 0xEF, 0x5D, 0xE7, 0x7E, 0xE7, 0x5D, 0xE7, 0xDF, 0xF7, 0x9E, 0xEF,
    0xF0, 0x7B, 0x21, 0x00, 0x41, 0x00, 0x82, 0x08, 0x62, 0x08, 0x62, 0x08, 0x62, 0x08, 0x62, 0x08,
    0x62, 0x08, 0x62, 0x08, 0x62, 0x08, 0x62, 0x08, 0x62, 0x08, 0x62, 0x08, 0x62, 0x08, 0x62, 0x08,
    0x62, 0x08, 0x62, 0x08, 0x62, 0x08, 0x62, 0x08, 0x62, 0x08, 0x62, 0x08, 0x62, 0x08, 0x62, 0x08,
    0x62, 0x08, 0x62, 0x08, 0x62, 0x08, 0x62, 0x08, 0x62, 0x08, 0x62, 0x08, 0x62, 0x08, 0x62, 0x08,
    0x62, 0x08, 0x62, 0x08, 0x62, 0x08, 0x62, 0x08, 0x62, 0x08, 0x62, 0x08, 0x62, 0x08, 0x62, 0x08,
    0x62, 0x08, 0x62, 0x08, 0x62, 0x08, 0x82, 0x08, 0x41, 0x00, 0x41, 0x00, 0x72, 0x84, 0xDF, 0xF7,
    0x9E, 0xEF, 0x5D, 0xE7, 0x7E, 0xE7, 0x5D, 0xE7, 0xDF, 0xF7, 0x9E, 0xEF, 0xD3, 0x94, 0x86, 0x29,
    0x00, 0x00, 0x20, 0x00, 0x62, 0x08, 0x82, 0x08, 0x82, 0x08, 0x62, 0x08, 0x62, 0x08, 0x62, 0x08,
    0x62, 0x08, 0x62, 0x08, 0x62, 0x08, 0x62, 0x08, 0x62, 0x08, 0x62, 0x08, 0x62, 0x08, 0x82, 0x08,
    0x82, 0x08, 0x62, 0x08, 0x62, 0x08, 0x62, 0x08, 0x62, 0x08, 0x62, 0x08, 0x62, 0x08, 0x62, 0x08,
    0x62, 0x08, 0x62, 0x08, 0x62, 0x08, 0x62, 0x08, 0x82, 0x08, 0x82, 0x08, 0x21, 0x00, 0x00, 0x00,
    0xE4, 0x18, 0xF0, 0x7B, 0x1C, 0xDF, 0xFF, 0xFF, 0x7E, 0xE7, 0x7E, 0xE7, 0x5D, 0xE7, 0x7E, 0xEF,
    0xFF, 0xFF, 0x96, 0xAD, 0xE4, 0x18, 0x21, 0x00, 0x82, 0x08, 0x62, 0x08, 0x62, 0x08, 0x62, 0x08,
    0x62, 0x08, 0x62, 0x08, 0x62, 0x08, 0x62, 0x08, 0x62, 0x08, 0x62, 0x08, 0x62, 0x08, 0x62, 0x08,
    0x62, 0x08, 0x62, 0x08, 0x62, 0x08, 0x62, 0x08, 0x62, 0x08, 0x62, 0x08, 0x62, 0x08, 0x62, 0x08,
    0x62, 0x08, 0x62, 0x08, 0x62, 0x08, 0x62, 0x08, 0x62, 0x08, 0x62, 0x08, 0x62, 0x08, 0x62, 0x08,
    0x62, 0x08, 0x62, 0x08, 0x62, 0x08, 0x62, 0x08, 0x62, 0x08, 0x62, 0x08, 0x62, 0x08, 0x62, 0x08,
    0x62, 0x08, 0x62, 0x08, 0x82, 0x08, 0x20, 0x00, 0xA3, 0x10, 0xF8, 0xBD, 0xFF, 0xFF, 0x7E, 0xE7,
    0x7E, 0xE7, 0x5D, 0xE7, 0x9E, 0xEF, 0xFF, 0xF7, 0xD7, 0xB5, 0xC7, 0x31, 0x00, 0x00, 0x21, 0x00,
    0x82, 0x08, 0x82, 0x08, 0x62, 0x08, 0x62, 0x08, 0x62, 0x08, 0x62, 0x08, 0x62, 0x08, 0x62, 0x08,
    0x62, 0x08, 0x62, 0x08, 0x62, 0x08, 0x62, 0x08, 0x62, 0x08, 0x82, 0x08, 0x41, 0x08, 0x01, 0x00,
    0x01, 0x00, 0x41, 0x08, 0x82, 0x08, 0x62, 0x08, 0x62, 0x08, 0x62, 0x08, 0x62, 0x08, 0x62, 0x08,
    0x62, 0x08, 0x62, 0x08, 0x62, 0x08, 0x62, 0x08, 0x62, 0x08, 0x62, 0x08, 0x82, 0x08, 0x82, 0x08,
    0x41, 0x00, 0x00, 0x00, 0x04, 0x19, 0xD3, 0x94, 0xBF, 0xF7, 0xBF, 0xF7, 0x5D, 0xE7, 0x7E, 0xE7,
    0x5D, 0xE7, 0xDF, 0xF7, 0x1C, 0xDF, 0xC7, 0x31, 0x00, 0x00, 0x82, 0x08, 0x62, 0x08, 0x62, 0x08,
    0x62, 0x08, 0x62, 0x08, 0x62, 0x08, 0x62, 0x08, 0x62, 0x08, 0x62, 0x08, 0x62, 0x08, 0x62, 0x08,
    0x62, 0x08, 0x62, 0x08, 0x62, 0x08, 0x62, 0x08, 0x62, 0x08, 0x62, 0x08, 0x62, 0x08, 0x62, 0x08,
    0x62, 0x08, 0x62, 0x08, 0x62, 0x08, 0x62, 0x08, 0x62, 0x08, 0x62, 0x08, 0x62, 0x08, 0x62, 0x08,
    0x62, 0x08, 0x62, 0x08, 0x62, 0x08, 0x62, 0x08, 0x62, 0x08, 0x62, 0x08, 0x62, 0x08, 0x62, 0x08,
    0x62, 0x08, 0x82, 0x08, 0x00, 0x00, 0xA7, 0x31, 0xBB, 0xD6, 0xDF, 0xF7, 0x5D, 0xE7, 0x7E, 0xE7,
    0x5D, 0xE7, 0xDF, 0xF7, 0x5D, 0xE7, 0x6D, 0x63, 0x21, 0x00, 0x21, 0x00, 0x82, 0x08, 0x82, 0x08,
    0x62, 0x08, 0x62, 0x08, 0x62, 0x08, 0x62, 0x08, 0x62, 0x08, 0x62, 0x08, 0x62, 0x08, 0x62, 0x08,
    0x62, 0x08, 0x62, 0x08, 0x62, 0x08, 0x82, 0x08, 0x42, 0x08, 0x01, 0x00, 0xE3, 0x10, 0x27, 0x1A,
    0x27, 0x1A, 0xE3, 0x10, 0x01, 0x00, 0x42, 0x08, 0x82, 0x08, 0x62, 0x08, 0x62, 0x08, 0x62, 0x08,
    0x62, 0x08, 0x62, 0x08, 0x62, 0x08, 0x62, 0x08, 0x62, 0x08, 0x62, 0x08, 0x62, 0x08, 0x62, 0x08,
    0x62, 0x08, 0x82, 0x08, 0x41, 0x00, 0x00, 0x00, 0x49, 0x42, 0x9A, 0xCE, 0xFF, 0xF7, 0x5D, 0xE7,
    0x7E, 0xE7, 0x5D, 0xE7, 0xBF, 0xEF, 0x7E, 0xE7, 0xEC, 0x5A, 0x00, 0x00, 0x82, 0x08, 0x62, 0x08,
    0x62, 0x08, 0x62, 0x08, 0x62, 0x08, 0x62, 0x08, 0x62, 0x08, 0x62, 0x08, 0x62, 0x08, 0x62, 0x08,
    0x62, 0x08, 0x62, 0x08, 0x62, 0x08, 0x62, 0x08, 0x62, 0x08, 0x62, 0x08, 0x62, 0x08, 0x62, 0x08,
    0x62, 0x08, 0x62, 0x08, 0x62, 0x08, 0x62, 0x08, 0x62, 0x08, 0x62, 0x08, 0x62, 0x08, 0x62, 0x08,
    0x62, 0x08, 0x62, 0x08, 0x62, 0x08, 0x62, 0x08, 0x62, 0x08, 0x62, 0x08, 0x62, 0x08, 0x62, 0x08,
    0x82, 0x08, 0x00, 0x00, 0xC7, 0x31, 0x3D, 0xE7, 0xDF, 0xF7, 0x5D, 0xE7, 0x7E, 0xE7, 0x7E, 0xE7,
    0xFF, 0xFF, 0xF8, 0xBD, 0x45, 0x21, 0x00, 0x00, 0x82, 0x08, 0x82, 0x08, 0x62, 0x08, 0x62, 0x08,
    0x62, 0x08, 0x62, 0x08, 0x62, 0x08, 0x62, 0x08, 0x62, 0x08, 0x62, 0x08, 0x62, 0x08, 0x62, 0x08,
    0x62, 0x08, 0x62, 0x08, 0x82, 0x08, 0x41, 0x08, 0x82, 0x08, 0x6F, 0x3C, 0xF7, 0x5E, 0x78, 0x67,
    0x78, 0x67, 0xF7, 0x5E, 0x6F, 0x3C, 0x82, 0x08, 0x41, 0x08, 0x82, 0x08, 0x62, 0x08, 0x62, 0x08,
    0x62, 0x08, 0x62, 0x08, 0x62, 0x08, 0x62, 0x08, 0x62, 0x08, 0x62, 0x08, 0x62, 0x08, 0x62, 0x08,
    0x62, 0x08, 0x62, 0x08, 0x62, 0x08, 0x82, 0x08, 0x00, 0x00, 0x82, 0x08, 0xD3, 0x94, 0xFF, 0xF7,
    0x9E, 0xEF, 0x7E, 0xE7, 0x7E, 0xE7, 0x9E, 0xEF, 0xDF, 0xF7, 0x2D, 0x63, 0x00, 0x00, 0x82, 0x08,
    0x62, 0x08, 0x62, 0x08, 0x62, 0x08, 0x62, 0x08, 0x62, 0x08, 0x62, 0x08, 0x62, 0x08, 0x62, 0x08,
    0x62, 0x08, 0x62, 0x08, 0x62, 0x08, 0x62, 0x08, 0x62, 0x08, 0x62, 0x08, 0x62, 0x08, 0x62, 0x08,
    0x62, 0x08, 0x62, 0x08, 0x62, 0x08, 0x62, 0x08, 0x62, 0x08, 0x62, 0x08, 0x62, 0x08, 0x62, 0x08,
    0x62, 0x08, 0x62, 0x08, 0x62, 0x08, 0x62, 0x08, 0x62, 0x08, 0x62, 0x08, 0x62, 0x08, 0x82, 0x08,
    0x00, 0x00, 0xC7, 0x31, 0x3D, 0xE7, 0xBF, 0xEF, 0x5D, 0xE7, 0x7E, 0xE7, 0x7E, 0xEF, 0xDF, 0xF7,
    0x72, 0x84, 0x41, 0x00, 0x21, 0x00, 0x82, 0x08, 0x62, 0x08, 0x62, 0x08, 0x62, 0x08, 0x62, 0x08,
    0x62, 0x08, 0x62, 0x08, 0x62, 0x08, 0x62, 0x08, 0x62, 0x08, 0x62, 0x08, 0x62, 0x08, 0x62, 0x08,
    0x62, 0x08, 0x62, 0x08, 0x42, 0x08, 0x82, 0x08, 0xD3, 0x4D, 0xDA, 0x67, 0x58, 0x5F, 0x37, 0x5F,
    0x37, 0x5F, 0x58, 0x5F, 0xDA, 0x67, 0xD3, 0x4D, 0x82, 0x08, 0x42, 0x08, 0x62, 0x08, 0x62, 0x08,
    0x62, 0x08, 0x62, 0x08, 0x62, 0x08, 0x62, 0x08, 0x62, 0x08, 0x62, 0x08, 0x62, 0x08, 0x62, 0x08,
    0x62, 0x08, 0x62, 0x08, 0x62, 0x08, 0x62, 0x08, 0x82, 0x08, 0x62, 0x08, 0x00, 0x00, 0x0C, 0x5B,
    0x7D, 0xE7, 0x9E, 0xEF, 0x5D, 0xE7, 0x7E, 0xE7, 0x7E, 0xE7, 0xDF, 0xF7, 0x2D, 0x63, 0x00, 0x00,
    0x82, 0x08, 0x62, 0x08, 0x62, 0x08, 0x62, 0x08, 0x62, 0x08, 0x62, 0x08, 0x62, 0x08, 0x62, 0x08,
    0x62, 0x08, 0x62, 0x08, 0x62, 0x08, 0x62, 0x08, 0x62, 0x08, 0x62, 0x08, 0x62, 0x08, 0x62, 0x08,
    0x62, 0x08, 0x62, 0x08, 0x62, 0x08, 0x62, 0x08, 0x62, 0x08, 0x62, 0x08, 0x62, 0x08, 0x62, 0x08,
    0x62, 0x08, 0x62, 0x08, 0x62, 0x08, 0x62, 0x08, 0x62, 0x08, 0x62, 0x08, 0x82, 0x08, 0x20, 0x00,
    0xA7, 0x31, 0x3D, 0xE7, 0xBF, 0xEF, 0x5D, 0xE7, 0x7E, 0xE7, 0x9E, 0xEF, 0xDF, 0xF7, 0x2D, 0x63,
    0x00, 0x00, 0x62, 0x08, 0x82, 0x08, 0x62, 0x08, 0x62, 0x08, 0x62, 0x08, 0x62, 0x08, 0x62, 0x08,
    0x62, 0x08, 0x62, 0x08, 0x62, 0x08, 0x62, 0x08, 0x62, 0x08, 0x62, 0x08, 0x62, 0x08, 0x62, 0x08,
    0x62, 0x08, 0x82, 0x08, 0x01, 0x00, 0x6F, 0x3C, 0xDA, 0x67, 0xF7, 0x5E, 0x38, 0x67, 0x38, 0x5F,
    0x38, 0x5F, 0x38, 0x67, 0xF7, 0x5E, 0xDA, 0x67, 0x6F, 0x3C, 0x01, 0x00, 0x82, 0x08, 0x62, 0x08,
    0x62, 0x08, 0x62, 0x08, 0x62, 0x08, 0x62, 0x08, 0x62, 0x08, 0x62, 0x08, 0x62, 0x08, 0x62, 0x08,
    0x62, 0x08, 0x62, 0x08, 0x62, 0x08, 0x62, 0x08, 0x62, 0x08, 0x62, 0x08, 0x82, 0x08, 0x00, 0x00,
    0xC7, 0x31, 0x3D, 0xE7, 0xDF, 0xF7, 0x5D, 0xE7, 0x7E, 0xE7, 0x7E, 0xEF, 0xDF, 0xF7, 0x2D, 0x5B,
    0x00, 0x00, 0x82, 0x08, 0x62, 0x08, 0x62, 0x08, 0x62, 0x08, 0x62, 0x08, 0x62, 0x08, 0x62, 0x08,
    0x62, 0x08, 0x62, 0x08, 0x62, 0x08, 0x62, 0x08, 0x62, 0x08, 0x62, 0x08, 0x62, 0x08, 0x62, 0x08,
    0x62, 0x08, 0x62, 0x08, 0x62, 0x08, 0x62, 0x08, 0x62, 0x08, 0x62, 0x08, 0x62, 0x08, 0x62, 0x08,
    0x62, 0x08, 0x62, 0x08, 0x62, 0x08, 0x62, 0x08, 0x62, 0x08, 0x82, 0x08, 0x41, 0x00, 0xA3, 0x10,
    0xBB, 0xD6, 0xDF, 0xF7, 0x5D, 0xE7, 0x7E, 0xE7, 0x9E, 0xEF, 0x7D, 0xE7, 0x0C, 0x5B, 0x00, 0x00,
    0x82, 0x08, 0x62, 0x08, 0x62, 0x08, 0x62, 0x08, 0x62, 0x08, 0x62, 0x08, 0x62, 0x08, 0x62, 0x08,
    0x62, 0x08, 0x62, 0x08, 0x62, 0x08, 0x62, 0x08, 0x62, 0x08, 0x62, 0x08, 0x62, 0x08, 0x62, 0x08,
    0x62, 0x08, 0x41, 0x08, 0xE3, 0x10, 0xF7, 0x5E, 0x58, 0x5F, 0x37, 0x5F, 0x37, 0x57, 0x37, 0x5F,
    0x38, 0x5F, 0x37, 0x57, 0x37, 0x5F, 0x58, 0x5F, 0xF7, 0x5E, 0xE3, 0x10, 0x41, 0x08, 0x62, 0x08,
    0x62, 0x08, 0x62, 0x08, 0x62, 0x08, 0x62, 0x08, 0x62, 0x08, 0x62, 0x08, 0x62, 0x08, 0x62, 0x08,
    0x62, 0x08, 0x62, 0x08, 0x62, 0x08, 0x62, 0x08, 0x62, 0x08, 0x62, 0x08, 0x62, 0x08, 0x82, 0x08,
    0x00, 0x00, 0xA7, 0x31, 0xBB, 0xD6, 0xBF, 0xF7, 0x5D, 0xE7, 0x7E, 0xE7, 0x7E, 0xEF, 0xBF, 0xEF,
    0xE8, 0x39, 0x00, 0x00, 0x82, 0x08, 0x62, 0x08, 0x62, 0x08, 0x62, 0x08, 0x62, 0x08, 0x62, 0x08,
    0x62, 0x08, 0x62, 0x08, 0x62, 0x08, 0x62, 0x08, 0x62, 0x08, 0x62, 0x08, 0x62, 0x08, 0x62, 0x08,
    0x62, 0x08, 0x62, 0x08, 0x62, 0x08, 0x62, 0x08, 0x62, 0x08, 0x62, 0x08, 0x62, 0x08, 0x62, 0x08,
    0x62, 0x08, 0x62, 0x08, 0x62, 0x08, 0x62, 0x08, 0x62, 0x08, 0x62, 0x08, 0x41, 0x00, 0xF8, 0xBD,
    0xDF, 0xF7, 0x5D, 0xE7, 0x7E, 0xE7, 0x9E, 0xEF, 0x7E, 0xE7, 0xC7, 0x31, 0x00, 0x00, 0x82, 0x08,
    0x62, 0x08, 0x62, 0x08, 0x62, 0x08, 0x62, 0x08, 0x62, 0x08, 0x62, 0x08, 0x62, 0x08, 0x62, 0x08,
    0x62, 0x08, 0x62, 0x08, 0x62, 0x08, 0x62, 0x08, 0x62, 0x08, 0x62, 0x08, 0x62, 0x08, 0x62, 0x08,
    0x82, 0x08, 0x01, 0x00, 0x07, 0x1A, 0x79, 0x67, 0x37, 0x57, 0x5B, 0xAF, 0x5B, 0xB7, 0x39, 0x77,
    0x38, 0x67, 0x5B, 0xA7, 0x5C, 0xBF, 0x38, 0x67, 0x78, 0x67, 0x07, 0x1A, 0x01, 0x00, 0x82, 0x08,
    0x62, 0x08, 0x62, 0x08, 0x62, 0x08, 0x62, 0x08, 0x62, 0x08, 0x62, 0x08, 0x62, 0x08, 0x62, 0x08,
    0x62, 0x08, 0x62, 0x08, 0x62, 0x08, 0x62, 0x08, 0x62, 0x08, 0x62, 0x08, 0x62, 0x08, 0x62, 0x08,
    0x82, 0x08, 0x21, 0x00, 0xA3, 0x10, 0x59, 0xC6, 0xDF, 0xF7, 0x5D, 0xE7, 0x7E, 0xE7, 0x9E, 0xEF,
    0x3D, 0xDF, 0x45, 0x21, 0x21, 0x00, 0x82, 0x08, 0x62, 0x08, 0x62, 0x08, 0x62, 0x08, 0x62, 0x08,
    0x62, 0x08, 0x62, 0x08, 0x62, 0x08, 0x62, 0x08, 0x62, 0x08, 0x62, 0x08, 0x62, 0x08, 0x62, 0x08,
    0x62, 0x08, 0x62, 0x08, 0x62, 0x08, 0x62, 0x08, 0x62, 0x08, 0x62, 0x08, 0x62, 0x08, 0x62, 0x08,
    0x62, 0x08, 0x62, 0x08, 0x62, 0x08, 0x62, 0x08, 0x82, 0x08, 0x00, 0x00, 0x72, 0x84, 0xFF, 0xFF,
    0x5D, 0xE7, 0x7E, 0xE7, 0x7E, 0xEF, 0xDF, 0xF7, 0x0C, 0x5B, 0x00, 0x00, 0xA3, 0x10, 0x62, 0x08,
    0x62, 0x08, 0x62, 0x08, 0x62, 0x08, 0x62, 0x08, 0x62, 0x08, 0x62, 0x08, 0x62, 0x08, 0x62, 0x08,
    0x62, 0x08, 0x62, 0x08, 0x62, 0x08, 0x62, 0x08, 0x62, 0x08, 0x62, 0x08, 0x62, 0x08, 0x62, 0x08,
    0x82, 0x08, 0x01, 0x00, 0x07, 0x22, 0x78, 0x5F, 0x38, 0x6F, 0x7E, 0xEF, 0x7E, 0xF7, 0x7E, 0xE7,
    0x7D, 0xDF, 0x7E, 0xF7, 0x7E, 0xF7, 0x3A, 0x8F, 0x78, 0x57, 0x27, 0x22, 0x01, 0x00, 0x82, 0x08,
    0x62, 0x08, 0x62, 0x08, 0x62, 0x08, 0x62, 0x08, 0x62, 0x08, 0x62, 0x08, 0x62, 0x08, 0x62, 0x08,
    0x62, 0x08, 0x62, 0x08, 0x62, 0x08, 0x62, 0x08, 0x62, 0x08, 0x62, 0x08, 0x62, 0x08, 0x62, 0x08,
    0x62, 0x08, 0x82, 0x08, 0x20, 0x00, 0x86, 0x29, 0x3D, 0xE7, 0xBF, 0xEF, 0x7E, 0xE7, 0x5D, 0xE7,
    0xDF, 0xF7, 0xF8, 0xBD, 0x41, 0x00, 0x62, 0x08, 0x62, 0x08, 0x62, 0x08, 0x62, 0x08, 0x62, 0x08,
    0x62, 0x08, 0x62, 0x08, 0x62, 0x08, 0x62, 0x08, 0x62, 0x08, 0x62, 0x08, 0x62, 0x08, 0x62, 0x08,
    0x62, 0x08, 0x62, 0x08, 0x62, 0x08, 0x62, 0x08, 0x62, 0x08, 0x62, 0x08, 0x62, 0x08, 0x62, 0x08,
    0x62, 0x08, 0x62, 0x08, 0x62, 0x08, 0x82, 0x08, 0x00, 0x00, 0xAB, 0x52, 0xDF, 0xF7, 0x7E, 0xE7,
    0x7E, 0xE7, 0x7E, 0xE7, 0xDF, 0xF7, 0x2D, 0x63, 0x00, 0x00, 0x82, 0x08, 0x62, 0x08, 0x62, 0x08,
    0x62, 0x08, 0x62, 0x08, 0x62, 0x08, 0x62, 0x08, 0x62, 0x08, 0x62, 0x08, 0x62, 0x08, 0x62, 0x08,
    0x62, 0x08, 0x62, 0x08, 0x62, 0x08, 0x62, 0x08, 0x62, 0x08, 0x62, 0x08, 0x62, 0x08, 0x62, 0x08,
    0x62, 0x08, 0x41, 0x08, 0xE3, 0x10, 0xF7, 0x56, 0x7B, 0xA7, 0x7E, 0xF7, 0x7E, 0xE7, 0x7E, 0xEF,
    0x7E, 0xEF, 0x7E, 0xE7, 0x7E, 0xEF, 0x9D, 0xC7, 0xF7, 0x56, 0xE3, 0x10, 0x41, 0x08, 0x62, 0x08,
    0x62, 0x08, 0x62, 0x08, 0x62, 0x08, 0x62, 0x08, 0x62, 0x08, 0x62, 0x08, 0x62, 0x08, 0x62, 0x08,
    0x62, 0x08, 0x62, 0x08, 0x62, 0x08, 0x62, 0x08, 0x62, 0x08, 0x62, 0x08, 0x62, 0x08, 0x62, 0x08,
    0x62, 0x08, 0x62, 0x08, 0x82, 0x08, 0x00, 0x00, 0xC7, 0x31, 0x3D, 0xE7, 0x9E, 0xEF, 0x7E, 0xE7,
    0x5D, 0xE7, 0xFF, 0xFF, 0x72, 0x84, 0x00, 0x00, 0x82, 0x08, 0x62, 0x08, 0x62, 0x08, 0x62, 0x08,
    0x62, 0x08, 0x62, 0x08, 0x62, 0x08, 0x62, 0x08, 0x62, 0x08, 0x62, 0x08, 0x62, 0x08, 0x62, 0x08,
    0x62, 0x08, 0x62, 0x08, 0x62, 0x08, 0x62, 0x08, 0x62, 0x08, 0x62, 0x08, 0x62, 0x08, 0x62, 0x08,
    0x62, 0x08, 0x62, 0x08, 0x82, 0x08, 0x41, 0x00, 0xE4, 0x18, 0xFC, 0xDE, 0x9E, 0xEF, 0x7E, 0xE7,
    0x5D, 0xE7, 0xFF, 0xFF, 0x72, 0x84, 0x00, 0x00, 0x82, 0x08, 0x62, 0x08, 0x62, 0x08, 0x62, 0x08,
    0x62, 0x08, 0x62, 0x08, 0x62, 0x08, 0x62, 0x08, 0x62, 0x08, 0x62, 0x08, 0x62, 0x08, 0x62, 0x08,
    0x62, 0x08, 0x62, 0x08, 0x62, 0x08, 0x62, 0x08, 0x62, 0x08, 0x62, 0x08, 0x62, 0x08, 0x62, 0x08,
    0x62, 0x08, 0x82, 0x08, 0x21, 0x00, 0x2E, 0x3C, 0xDE, 0xE7, 0x7E, 0xEF, 0x7E, 0xE7, 0x7E, 0xEF,
    0x7E, 0xE7, 0x7E, 0xEF, 0x5D, 0xE7, 0xDF, 0xF7, 0x4F, 0x54, 0x00, 0x00, 0x82, 0x08, 0x62, 0x08,
    0x62, 0x08, 0x62, 0x08, 0x62, 0x08, 0x62, 0x08, 0x62, 0x08, 0x62, 0x08, 0x62, 0x08, 0x62, 0x08,
    0x62, 0x08, 0x62, 0x08, 0x62, 0x08, 0x62, 0x08, 0x62, 0x08, 0x62, 0x08, 0x62, 0x08, 0x62, 0x08,
    0x62, 0x08, 0x62, 0x08, 0x62, 0x08, 0x82, 0x08, 0x00, 0x00, 0xAB, 0x52, 0xDF, 0xF7, 0x7E, 0xE7,
    0x7E, 0xE7, 0x7E, 0xE7, 0xDF, 0xF7, 0x49, 0x42, 0x00, 0x00, 0x82, 0x08, 0x62, 0x08, 0x62, 0x08,
    0x62, 0x08, 0x62, 0x08, 0x62, 0x08, 0x62, 0x08, 0x62, 0x08, 0x62, 0x08, 0x62, 0x08, 0x62, 0x08,
    0x62, 0x08, 0x62, 0x08, 0x62, 0x08, 0x62, 0x08, 0x62, 0x08, 0x62, 0x08, 0x62, 0x08, 0x62, 0x08,
    0x62, 0x08, 0x62, 0x08, 0x82, 0x08, 0x00, 0x00, 0x14, 0x9D, 0xFF, 0xF7, 0x5D, 0xE7, 0x5D, 0xE7,
    0xDF, 0xF7, 0xF8, 0xBD, 0x41, 0x00, 0x62, 0x08, 0x62, 0x08, 0x62, 0x08, 0x62, 0x08, 0x62, 0x08,
    0x62, 0x08, 0x62, 0x08, 0x62, 0x08, 0x62, 0x08, 0x62, 0x08, 0x62, 0x08, 0x62, 0x08, 0x62, 0x08,
    0x62, 0x08, 0x62, 0x08, 0x62, 0x08, 0x62, 0x08, 0x62, 0x08, 0x62, 0x08, 0x62, 0x08, 0x62, 0x08,
    0x62, 0x08, 0x82, 0x08, 0x00, 0x00, 0xEC, 0x5A, 0xFF, 0xF7, 0x5D, 0xE7, 0x7E, 0xEF, 0x7E, 0xEF,
    0x7E, 0xEF, 0x7E, 0xEF, 0x5D, 0xE7, 0xFF, 0xF7, 0x92, 0x94, 0x00, 0x00, 0x82, 0x08, 0x62, 0x08,
    0x62, 0x08, 0x62, 0x08, 0x62, 0x08, 0x62, 0x08, 0x62, 0x08, 0x62, 0x08, 0x62, 0x08, 0x62, 0x08,
    0x62, 0x08, 0x62, 0x08, 0x62, 0x08, 0x62, 0x08, 0x62, 0x08, 0x62, 0x08, 0x62, 0x08, 0x62, 0x08,
    0x62, 0x08, 0x62, 0x08, 0x62, 0x08, 0x62, 0x08, 0x82, 0x08, 0x00, 0x00, 0x72, 0x84, 0xFF, 0xFF,
    0x5D, 0xE7, 0x7E, 0xE7, 0xBF, 0xEF, 0x9A, 0xCE, 0xA3, 0x10, 0x62, 0x08, 0x62, 0x08, 0x62, 0x08,
    0x62, 0x08, 0x62, 0x08, 0x62, 0x08, 0x62, 0x08, 0x62, 0x08, 0x62, 0x08, 0x62, 0x08, 0x62, 0x08,
    0x62, 0x08, 0x62, 0x08, 0x62, 0x08, 0x62, 0x08, 0x62, 0x08, 0x62, 0x08, 0x62, 0x08, 0x62, 0x08,
    0x62, 0x08, 0x82, 0x08, 0x00, 0x00, 0x6A, 0x42, 0xDF, 0xF7, 0x5E, 0xE7, 0x7E, 0xE7, 0x9E, 0xEF,
    0x5D, 0xE7, 0x45, 0x21, 0x21, 0x00, 0x82, 0x08, 0x62, 0x08, 0x62, 0x08, 0x62, 0x08, 0x62, 0x08,
    0x62, 0x08, 0x62, 0x08, 0x62, 0x08, 0x62, 0x08, 0x62, 0x08, 0x62, 0x08, 0x62, 0x08, 0x62, 0x08,
    0x62, 0x08, 0x62, 0x08, 0x62, 0x08, 0x62, 0x08, 0x62, 0x08, 0x62, 0x08, 0x62, 0x08, 0x62, 0x08,
    0x62, 0x08, 0x62, 0x08, 0x21, 0x00, 0x18, 0xBE, 0xDF, 0xF7, 0x5D, 0xE7, 0x7E, 0xEF, 0x7E, 0xEF,
    0x7E, 0xE7, 0x7E, 0xEF, 0x7E, 0xE7, 0x9E, 0xEF, 0x5D, 0xE7, 0x04, 0x19, 0x41, 0x00, 0x62, 0x08,
    0x62, 0x08, 0x62, 0x08, 0x62, 0x08, 0x62, 0x08, 0x62, 0x08, 0x62, 0x08, 0x62, 0x08, 0x62, 0x08,
    0x62, 0x08, 0x62, 0x08, 0x62, 0x08, 0x62, 0x08, 0x62, 0x08, 0x62, 0x08, 0x62, 0x08, 0x62, 0x08,
    0x62, 0x08, 0x62, 0x08, 0x62, 0x08, 0x62, 0x08, 0x62, 0x08, 0x62, 0x08, 0x41, 0x00, 0x39, 0xBE,
    0xDF, 0xF7, 0x5D, 0xE7, 0x5D, 0xE7, 0xFF, 0xFF, 0x10, 0x7C, 0x00, 0x00, 0x82, 0x08, 0x62, 0x08,
    0x62, 0x08, 0x62, 0x08, 0x62, 0x08, 0x62, 0x08, 0x62, 0x08, 0x62, 0x08, 0x62, 0x08, 0x62, 0x08,
    0x62, 0x08, 0x62, 0x08, 0x62, 0x08, 0x62, 0x08, 0x62, 0x08, 0x62, 0x08, 0x62, 0x08, 0x62, 0x08,
    0x62, 0x08, 0x62, 0x08, 0x62, 0x08, 0x7A, 0xC6, 0xBF, 0xF7, 0x7E, 0xE7, 0x5D, 0xE7, 0xFF, 0xF7,
    0x4E, 0x63, 0x00, 0x00, 0x82, 0x08, 0x62, 0x08, 0x62, 0x08, 0x62, 0x08, 0x62, 0x08, 0x62, 0x08,
    0x62, 0x08, 0x62, 0x08, 0x62, 0x08, 0x62, 0x08, 0x62, 0x08, 0x62, 0x08, 0x62, 0x08, 0x62, 0x08,
    0x62, 0x08, 0x62, 0x08, 0x62, 0x08, 0x62, 0x08, 0x62, 0x08, 0x62, 0x08, 0x62, 0x08, 0x62, 0x08,
    0x82, 0x08, 0x20, 0x00, 0x49, 0x42, 0xBF, 0xF7, 0x7E, 0xE7, 0x7E, 0xEF, 0x7E, 0xEF, 0x7E, 0xEF,
    0x9E, 0xEF, 0x7E, 0xE7, 0x7E, 0xEF, 0x5D, 0xE7, 0xFF, 0xF7, 0xF0, 0x7B, 0x00, 0x00, 0x82, 0x08,
    0x62, 0x08, 0x62, 0x08, 0x62, 0x08, 0x62, 0x08, 0x62, 0x08, 0x62, 0x08, 0x62, 0x08, 0x62, 0x08,
    0x62, 0x08, 0x62, 0x08, 0x62, 0x08, 0x62, 0x08, 0x62, 0x08, 0x62, 0x08, 0x62, 0x08, 0x62, 0x08,
    0x62, 0x08, 0x62, 0x08, 0x62, 0x08, 0x62, 0x08, 0x62, 0x08, 0x82, 0x08, 0x21, 0x00, 0xC7, 0x31,
    0x9E, 0xEF, 0x7E, 0xEF, 0x7E, 0xE7, 0x7E, 0xEF, 0x7E, 0xEF, 0x86, 0x29, 0x21, 0x00, 0x82, 0x08,
    0x62, 0x08, 0x62, 0x08, 0x62, 0x08, 0x62, 0x08, 0x62, 0x08, 0x62, 0x08, 0x62, 0x08, 0x62, 0x08,
    0x62, 0x08, 0x62, 0x08, 0x62, 0x08, 0x62, 0x08, 0x62, 0x08, 0x62, 0x08, 0x62, 0x08, 0x62, 0x08,
    0x82, 0x08, 0x00, 0x00, 0x0C, 0x5B, 0xFF, 0xF7, 0x5D, 0xE7, 0x5D, 0xE7, 0xDF, 0xF7, 0xD7, 0xB5,
    0x21, 0x00, 0x82, 0x08, 0x62, 0x08, 0x62, 0x08, 0x62, 0x08, 0x62, 0x08, 0x62, 0x08, 0x62, 0x08,
    0x62, 0x08, 0x62, 0x08, 0x62, 0x08, 0x62, 0x08, 0x62, 0x08, 0x62, 0x08, 0x62, 0x08, 0x62, 0x08,
    0x62, 0x08, 0x62, 0x08, 0x62, 0x08, 0x62, 0x08, 0x62, 0x08, 0x62, 0x08, 0x62, 0x08, 0x62, 0x08,
    0x82, 0x08, 0x00, 0x00, 0x76, 0xA5, 0xFF, 0xF7, 0x5D, 0xE7, 0x7E, 0xEF, 0x9E, 0xEF, 0x3D, 0xE7,
    0xFC, 0xDE, 0x9E, 0xEF, 0x7E, 0xE7, 0x7E, 0xE7, 0xBF, 0xEF, 0xDB, 0xD6, 0xA3, 0x10, 0x42, 0x00,
    0x62, 0x08, 0x62, 0x08, 0x62, 0x08, 0x62, 0x08, 0x62, 0x08, 0x62, 0x08, 0x62, 0x08, 0x62, 0x08,
    0x62, 0x08, 0x62, 0x08, 0x62, 0x08, 0x62, 0x08, 0x62, 0x08, 0x62, 0x08, 0x62, 0x08, 0x62, 0x08,
    0x62, 0x08, 0x62, 0x08, 0x62, 0x08, 0x62, 0x08, 0x62, 0x08, 0x62, 0x08, 0x82, 0x08, 0x00, 0x00,
    0x10, 0x7C, 0xFF, 0xFF, 0x5D, 0xE7, 0x5D, 0xE7, 0xFF, 0xF7, 0xD3, 0x94, 0x00, 0x00, 0x82, 0x08,
    0x62, 0x08, 0x62, 0x08, 0x62, 0x08, 0x62, 0x08, 0x62, 0x08, 0x62, 0x08, 0x62, 0x08, 0x62, 0x08,
    0x62, 0x08, 0x62, 0x08, 0x62, 0x08, 0x62, 0x08, 0x62, 0x08, 0x62, 0x08, 0x62, 0x08, 0x62, 0x08,
    0x62, 0x08, 0x62, 0x08, 0x7A, 0xC6, 0xBF, 0xF7, 0x5D, 0xE7, 0x7E, 0xEF, 0x9E, 0xEF, 0xC7, 0x31,
    0x21, 0x00, 0x82, 0x08, 0x62, 0x08, 0x62, 0x08, 0x62, 0x08, 0x62, 0x08, 0x62, 0x08, 0x62, 0x08,
    0x62, 0x08, 0x62, 0x08, 0x62, 0x08, 0x62, 0x08, 0x62, 0x08, 0x62, 0x08, 0x62, 0x08, 0x62, 0x08,
    0x62, 0x08, 0x62, 0x08, 0x62, 0x08, 0x62, 0x08, 0x62, 0x08, 0x62, 0x08, 0x62, 0x08, 0x82, 0x08,
    0x21, 0x00, 0x86, 0x29, 0x5D, 0xE7, 0x7E, 0xEF, 0x7E, 0xE7, 0x5D, 0xE7, 0xFF, 0xF7, 0x35, 0x9D,
    0xAF, 0x73, 0xFF, 0xFF, 0x5D, 0xE7, 0x7E, 0xEF, 0x5D, 0xE7, 0xDF, 0xF7, 0x0C, 0x5B, 0x00, 0x00,
    0x82, 0x08, 0x62, 0x08, 0x62, 0x08, 0x62, 0x08, 0x62, 0x08, 0x62, 0x08, 0x62, 0x08, 0x62, 0x08,
    0x62, 0x08, 0x62, 0x08, 0x62, 0x08, 0x62, 0x08, 0x62, 0x08, 0x62, 0x08, 0x62, 0x08, 0x62, 0x08,
    0x62, 0x08, 0x62, 0x08, 0x62, 0x08, 0x62, 0x08, 0x62, 0x08, 0x62, 0x08, 0x62, 0x08, 0x62, 0x08,
    0xA3, 0x10, 0x9A, 0xCE, 0xBF, 0xEF, 0x7E, 0xE7, 0x7E, 0xEF, 0x7E, 0xEF, 0x86, 0x29, 0x21, 0x00,
    0x82, 0x08, 0x62, 0x08, 0x62, 0x08, 0x62, 0x08, 0x62, 0x08, 0x62, 0x08, 0x62, 0x08, 0x62, 0x08,
    0x62, 0x08, 0x62, 0x08, 0x62, 0x08, 0x62, 0x08, 0x62, 0x08, 0x62, 0x08, 0x62, 0x08, 0x82, 0x08,
    0x00, 0x00, 0x0C, 0x5B, 0xFF, 0xF7, 0x5D, 0xE7, 0x5D, 0xE7, 0xFF, 0xF7, 0xD3, 0x94, 0x00, 0x00,
    0x82, 0x08, 0x62, 0x08, 0x62, 0x08, 0x62, 0x08, 0x62, 0x08, 0x62, 0x08, 0x62, 0x08, 0x62, 0x08,
    0x62, 0x08, 0x62, 0x08, 0x62, 0x08, 0x62, 0x08, 0x62, 0x08, 0x62, 0x08, 0x62, 0x08, 0x62, 0x08,
    0x62, 0x08, 0x62, 0x08, 0x62, 0x08, 0x62, 0x08, 0x62, 0x08, 0x62, 0x08, 0x62, 0x08, 0x82, 0x08,
    0x00, 0x00, 0x51, 0x84, 0xFF, 0xFF, 0x5D, 0xE7, 0x7E, 0xEF, 0x5D, 0xE7, 0xFF, 0xF7, 0x49, 0x42,
    0x82, 0x08, 0x5D, 0xE7, 0x9E, 0xEF, 0x7E, 0xE7, 0x5D, 0xE7, 0xDF, 0xF7, 0xF8, 0xBD, 0x21, 0x00,
    0x62, 0x08, 0x62, 0x08, 0x62, 0x08, 0x62, 0x08, 0x62, 0x08, 0x62, 0x08, 0x62, 0x08, 0x62, 0x08,
    0x62, 0x08, 0x62, 0x08, 0x62, 0x08, 0x62, 0x08, 0x62, 0x08, 0x62, 0x08, 0x62, 0x08, 0x62, 0x08,
    0x62, 0x08, 0x62, 0x08, 0x62, 0x08, 0x62, 0x08, 0x62, 0x08, 0x62, 0x08, 0x62, 0x08, 0x82, 0x08,
    0x00, 0x00, 0x0C, 0x5B, 0xFF, 0xFF, 0x5D, 0xE7, 0x5D, 0xE7, 0xFF, 0xF7, 0xD3, 0x94, 0x00, 0x00,
    0x82, 0x08, 0x62, 0x08, 0x62, 0x08, 0x62, 0x08, 0x62, 0x08, 0x62, 0x08, 0x62, 0x08, 0x62, 0x08,
    0x62, 0x08, 0x62, 0x08, 0x62, 0x08, 0x62, 0x08, 0x62, 0x08, 0x62, 0x08, 0x62, 0x08, 0x62, 0x08,
    0x62, 0x08, 0x59, 0xC6, 0xBF, 0xF7, 0x5D, 0xE7, 0x7E, 0xEF, 0x7E, 0xEF, 0x86, 0x29, 0x21, 0x00,
    0x82, 0x08, 0x62, 0x08, 0x62, 0x08, 0x62, 0x08, 0x62, 0x08, 0x62, 0x08, 0x62, 0x08, 0x62, 0x08,
    0x62, 0x08, 0x62, 0x08, 0x62, 0x08, 0x62, 0x08, 0x62, 0x08, 0x62, 0x08, 0x62, 0x08, 0x62, 0x08,
    0x62, 0x08, 0x62, 0x08, 0x62, 0x08, 0x62, 0x08, 0x62, 0x08, 0x62, 0x08, 0x62, 0x08, 0x41, 0x00,
    0xE4, 0x18, 0xFC, 0xD6, 0x9E, 0xEF, 0x7E, 0xE7, 0x7E, 0xE7, 0xBF, 0xF7, 0x59, 0xC6, 0xA3, 0x10,
    0x00, 0x00, 0xD3, 0x94, 0xFF, 0xF7, 0x5D, 0xE7, 0x7E, 0xEF, 0x7E, 0xE7, 0xBF, 0xF7, 0x29, 0x42,
    0x00, 0x00, 0x82, 0x08, 0x62, 0x08, 0x62, 0x08, 0x62, 0x08, 0x62, 0x08, 0x62, 0x08, 0x62, 0x08,
    0x62, 0x08, 0x62, 0x08, 0x62, 0x08, 0x62, 0x08, 0x62, 0x08, 0x62, 0x08, 0x62, 0x08, 0x62, 0x08,
    0x62, 0x08, 0x62, 0x08, 0x62, 0x08, 0x62, 0x08, 0x62, 0x08, 0x62, 0x08, 0x62, 0x08, 0x62, 0x08,
    0x62, 0x08, 0x62, 0x08, 0x7A, 0xC6, 0xBF, 0xF7, 0x5D, 0xE7, 0x7E, 0xEF, 0x7E, 0xE7, 0x66, 0x21,
    0x21, 0x00, 0x82, 0x08, 0x62, 0x08, 0x62, 0x08, 0x62, 0x08, 0x62, 0x08, 0x62, 0x08, 0x62, 0x08,
    0x62, 0x08, 0x62, 0x08, 0x62, 0x08, 0x62, 0x08, 0x62, 0x08, 0x62, 0x08, 0x82, 0x08, 0x00, 0x00,
    0x49, 0x42, 0xBF, 0xF7, 0x7E, 0xE7, 0x5D, 0xE7, 0xFF, 0xF7, 0xD3, 0x94, 0x00, 0x00, 0x82, 0x08,
    0x62, 0x08, 0x62, 0x08, 0x62, 0x08, 0x62, 0x08, 0x62, 0x08, 0x62, 0x08, 0x62, 0x08, 0x62, 0x08,
    0x62, 0x08, 0x62, 0x08, 0x62, 0x08, 0x62, 0x08, 0x62, 0x08, 0x62, 0x08, 0x62, 0x08, 0x62, 0x08,
    0x62, 0x08, 0x62, 0x08, 0x62, 0x08, 0x62, 0x08, 0x62, 0x08, 0x62, 0x08, 0x82, 0x08, 0x00, 0x00,
    0x2D, 0x63, 0xFF, 0xFF, 0x5D, 0xE7, 0x7E, 0xEF, 0x5D, 0xE7, 0xFF, 0xFF, 0x8E, 0x6B, 0x00, 0x00,
    0x21, 0x00, 0xE8, 0x39, 0xBF, 0xF7, 0x7E, 0xE7, 0x7E, 0xEF, 0x5D, 0xE7, 0xFF, 0xF7, 0xF4, 0x9C,
    0x00, 0x00, 0x82, 0x08, 0x62, 0x08, 0x62, 0x08, 0x62, 0x08, 0x62, 0x08, 0x62, 0x08, 0x62, 0x08,
    0x62, 0x08, 0x62, 0x08, 0x62, 0x08, 0x62, 0x08, 0x62, 0x08, 0x62, 0x08, 0x62, 0x08, 0x62, 0x08,
    0x62, 0x08, 0x62, 0x08, 0x62, 0x08, 0x62, 0x08, 0x62, 0x08, 0x62, 0x08, 0x62, 0x08, 0x62, 0x08,
    0x82, 0x08, 0x00, 0x00, 0x0C, 0x5B, 0xFF, 0xF7, 0x5D, 0xE7, 0x5D, 0xE7, 0xFF, 0xFF, 0xF0, 0x7B,
    0x00, 0x00, 0x82, 0x08, 0x62, 0x08, 0x62, 0x08, 0x62, 0x08, 0x62, 0x08, 0x62, 0x08, 0x62, 0x08,
    0x62, 0x08, 0x62, 0x08, 0x62, 0x08, 0x62, 0x08, 0x62, 0x08, 0x62, 0x08, 0x82, 0x08, 0x00, 0x00,
    0xF4, 0x94, 0xFF, 0xFF, 0x5D, 0xE7, 0x7E, 0xE7, 0xBF, 0xEF, 0xE8, 0x39, 0x20, 0x00, 0x82, 0x08,
    0x62, 0x08, 0x62, 0x08, 0x62, 0x08, 0x62, 0x08, 0x62, 0x08, 0x62, 0x08, 0x62, 0x08, 0x62, 0x08,
    0x62, 0x08, 0x62, 0x08, 0x62, 0x08, 0x62, 0x08, 0x62, 0x08, 0x62, 0x08, 0x62, 0x08, 0x62, 0x08,
    0x62, 0x08, 0x62, 0x08, 0x62, 0x08, 0x62, 0x08, 0x62, 0x08, 0x62, 0x08, 0x62, 0x08, 0x62, 0x08,
    0x59, 0xC6, 0xBF, 0xF7, 0x7E, 0xE7, 0x7E, 0xE7, 0x9E, 0xEF, 0xFC, 0xDE, 0xE4, 0x18, 0x41, 0x00,
    0x82, 0x08, 0x41, 0x00, 0xB7, 0xAD, 0xDF, 0xF7, 0x5D, 0xE7, 0x7E, 0xEF, 0x7E, 0xEF, 0x7E, 0xE7,
    0x66, 0x21, 0x21, 0x00, 0x82, 0x08, 0x62, 0x08, 0x62, 0x08, 0x62, 0x08, 0x62, 0x08, 0x62, 0x08,
    0x62, 0x08, 0x62, 0x08, 0x62, 0x08, 0x62, 0x08, 0x62, 0x08, 0x62, 0x08, 0x62, 0x08, 0x62, 0x08,
    0x62, 0x08, 0x62, 0x08, 0x62, 0x08, 0x62, 0x08, 0x62, 0x08, 0x62, 0x08, 0x62, 0x08, 0x62, 0x08,
    0x62, 0x08, 0x62, 0x08, 0xA3, 0x10, 0xDB, 0xD6, 0x9F, 0xEF, 0x5D, 0xE7, 0xBF, 0xF7, 0x7A, 0xCE,
    0x62, 0x08, 0x62, 0x08, 0x62, 0x08, 0x62, 0x08, 0x62, 0x08, 0x62, 0x08, 0x62, 0x08, 0x62, 0x08,
    0x62, 0x08, 0x62, 0x08, 0x62, 0x08, 0x62, 0x08, 0x62, 0x08, 0x62, 0x08, 0x41, 0x00, 0xC3, 0x10,
    0xDB, 0xD6, 0x9E, 0xEF, 0x5D, 0xE7, 0xDF, 0xF7, 0xF8, 0xB5, 0x41, 0x00, 0x62, 0x08, 0x62, 0x08,
    0x62, 0x08, 0x62, 0x08, 0x62, 0x08, 0x62, 0x08, 0x62, 0x08, 0x62, 0x08, 0x62, 0x08, 0x62, 0x08,
    0x62, 0x08, 0x62, 0x08, 0x62, 0x08, 0x62, 0x08, 0x62, 0x08, 0x62, 0x08, 0x62, 0x08, 0x62, 0x08,
    0x62, 0x08, 0x62, 0x08, 0x62, 0x08, 0x62, 0x08, 0x62, 0x08, 0x82, 0x08, 0x00, 0x00, 0x49, 0x42,
    0xBF, 0xF7, 0x7E, 0xE7, 0x7E, 0xEF, 0x5D, 0xE7, 0xFF, 0xF7, 0xB3, 0x94, 0x00, 0x00, 0x82, 0x08,
    0x82, 0x08, 0x00, 0x00, 0xEC, 0x5A, 0xFF, 0xF7, 0x5D, 0xE7, 0x7E, 0xEF, 0x5D, 0xE7, 0xFF, 0xFF,
    0xF0, 0x7B, 0x00, 0x00, 0x82, 0x08, 0x62, 0x08, 0x62, 0x08, 0x62, 0x08, 0x62, 0x08, 0x62, 0x08,
    0x62, 0x08, 0x62, 0x08, 0x62, 0x08, 0x62, 0x08, 0x62, 0x08, 0x62, 0x08, 0x62, 0x08, 0x62, 0x08,
    0x62, 0x08, 0x62, 0x08, 0x62, 0x08, 0x62, 0x08, 0x62, 0x08, 0x62, 0x08, 0x62, 0x08, 0x62, 0x08,
    0x62, 0x08, 0x82, 0x08, 0x00, 0x00, 0x51, 0x84, 0xFF, 0xFF, 0x5D, 0xE7, 0x7E, 0xE7, 0xBF, 0xEF,
    0xE8, 0x39, 0x20, 0x00, 0x82, 0x08, 0x62, 0x08, 0x62, 0x08, 0x62, 0x08, 0x62, 0x08, 0x62, 0x08,
    0x62, 0x08, 0x62, 0x08, 0x62, 0x08, 0x62, 0x08, 0x62, 0x08, 0x82, 0x08, 0x00, 0x00, 0x8A, 0x4A,
    0xDF, 0xF7, 0x7D, 0xE7, 0x5D, 0xE7, 0xFF, 0xFF, 0xAF, 0x73, 0x00, 0x00, 0x82, 0x08, 0x62, 0x08,
    0x62, 0x08, 0x62, 0x08, 0x62, 0x08, 0x62, 0x08, 0x62, 0x08, 0x62, 0x08, 0x62, 0x08, 0x62, 0x08,
    0x62, 0x08, 0x62, 0x08, 0x62, 0x08, 0x62, 0x08, 0x62, 0x08, 0x62, 0x08, 0x62, 0x08, 0x62, 0x08,
    0x62, 0x08, 0x62, 0x08, 0x62, 0x08, 0x62, 0x08, 0x62, 0x08, 0x82, 0x08, 0x00, 0x00, 0x76, 0xA5,
    0xFF, 0xF7, 0x5D, 0xE7, 0x7E, 0xEF, 0x7E, 0xEF, 0x9E, 0xEF, 0xA7, 0x29, 0x21, 0x00, 0x82, 0x08,
    0x62, 0x08, 0x62, 0x08, 0x82, 0x08, 0x9A, 0xCE, 0xBF, 0xF7, 0x7E, 0xE7, 0x7E, 0xE7, 0x9E, 0xEF,
    0xDB, 0xD6, 0xA3, 0x10, 0x42, 0x00, 0x62, 0x08, 0x62, 0x08, 0x62, 0x08, 0x62, 0x08, 0x62, 0x08,
    0x62, 0x08, 0x62, 0x08, 0x62, 0x08, 0x62, 0x08, 0x62, 0x08, 0x62, 0x08, 0x62, 0x08, 0x62, 0x08,
    0x62, 0x08, 0x62, 0x08, 0x62, 0x08, 0x62, 0x08, 0x62, 0x08, 0x62, 0x08, 0x62, 0x08, 0x62, 0x08,
    0x62, 0x08, 0x82, 0x08, 0x20, 0x00, 0xE8, 0x39, 0xBF, 0xEF, 0x7E, 0xE7, 0x5D, 0xE7, 0xFF, 0xFF,
    0x51, 0x84, 0x00, 0x00, 0x82, 0x08, 0x62, 0x08, 0x62, 0x08, 0x62, 0x08, 0x62, 0x08, 0x62, 0x08,
    0x62, 0x08, 0x62, 0x08, 0x62, 0x08, 0x62, 0x08, 0x62, 0x08, 0x82, 0x08, 0x00, 0x00, 0xD3, 0x94,
    0xFF, 0xF7, 0x5D, 0xE7, 0x7E, 0xEF, 0x7E, 0xEF, 0x86, 0x29, 0x21, 0x00, 0x82, 0x08, 0x62, 0x08,
    0x62, 0x08, 0x62, 0x08, 0x62, 0x08, 0x62, 0x08, 0x62, 0x08, 0x62, 0x08, 0x62, 0x08, 0x62, 0x08,
    0x62, 0x08, 0x62, 0x08, 0x62, 0x08, 0x62, 0x08, 0x62, 0x08, 0x62, 0x08, 0x62, 0x08, 0x62, 0x08,
    0x62, 0x08, 0x62, 0x08, 0x62, 0x08, 0x62, 0x08, 0x82, 0x08, 0x21, 0x00, 0x86, 0x29, 0x5D, 0xE7,
    0x7E, 0xEF, 0x7E, 0xE7, 0x5D, 0xE7, 0xDF, 0xF7, 0x96, 0xAD, 0x21, 0x00, 0x82, 0x08, 0x62, 0x08,
    0x62, 0x08, 0x82, 0x08, 0x00, 0x00, 0xF0, 0x7B, 0xFF, 0xF7, 0x5D, 0xE7, 0x7E, 0xEF, 0x5D, 0xE7,
    0xDF, 0xF7, 0x0C, 0x5B, 0x00, 0x00, 0x82, 0x08, 0x62, 0x08, 0x62, 0x08, 0x62, 0x08, 0x62, 0x08,
    0x62, 0x08, 0x62, 0x08, 0x62, 0x08, 0x62, 0x08, 0x62, 0x08, 0x62, 0x08, 0x62, 0x08, 0x62, 0x08,
    0x62, 0x08, 0x62, 0x08, 0x62, 0x08, 0x62, 0x08, 0x62, 0x08, 0x62, 0x08, 0x62, 0x08, 0x62, 0x08,
    0x62, 0x08, 0x62, 0x08, 0x62, 0x08, 0x62, 0x08, 0x7A, 0xC6, 0xBF, 0xF7, 0x5D, 0xE7, 0xBF, 0xF7,
    0x59, 0xC6, 0x62, 0x08, 0x62, 0x08, 0x62, 0x08, 0x62, 0x08, 0x62, 0x08, 0x62, 0x08, 0x62, 0x08,
    0x62, 0x08, 0x62, 0x08, 0x62, 0x08, 0x62, 0x08, 0x62, 0x08, 0x62, 0x08, 0x62, 0x08, 0x7A, 0xC6,
    0xBF, 0xF7, 0x5D, 0xE7, 0xDF, 0xF7, 0xD7, 0xB5, 0x41, 0x00, 0x62, 0x08, 0x62, 0x08, 0x62, 0x08,
    0x62, 0x08, 0x62, 0x08, 0x62, 0x08, 0x62, 0x08, 0x62, 0x08, 0x62, 0x08, 0x62, 0x08, 0x62, 0x08,
    0x62, 0x08, 0x62, 0x08, 0x62, 0x08, 0x62, 0x08, 0x62, 0x08, 0x62, 0x08, 0x62, 0x08, 0x62, 0x08,
    0x62, 0x08, 0x62, 0x08, 0x62, 0x08, 0x62, 0x08, 0x82, 0x08, 0x00, 0x00, 0x51, 0x84, 0xFF, 0xFF,
    0x5D, 0xE7, 0x7E, 0xEF, 0x5D, 0xE7, 0xFF, 0xF7, 0x8A, 0x4A, 0x00, 0x00, 0x82, 0x08, 0x62, 0x08,
    0x62, 0x08, 0x62, 0x08, 0x41, 0x00, 0x04, 0x19, 0x3D, 0xE7, 0x9E, 0xEF, 0x7E, 0xE7, 0x5D, 0xE7,
    0xDF, 0xF7, 0xF8, 0xBD, 0x21, 0x00, 0x62, 0x08, 0x62, 0x08, 0x62, 0x08, 0x62, 0x08, 0x62, 0x08,
    0x62, 0x08, 0x62, 0x08, 0x62, 0x08, 0x62, 0x08, 0x62, 0x08, 0x62, 0x08, 0x62, 0x08, 0x62, 0x08,
    0x62, 0x08, 0x62, 0x08, 0x62, 0x08, 0x62, 0x08, 0x62, 0x08, 0x62, 0x08, 0x62, 0x08, 0x62, 0x08,
    0x62, 0x08, 0x62, 0x08, 0x82, 0x08, 0x00, 0x00, 0x31, 0x84, 0xFF, 0xFF, 0x5D, 0xE7, 0x7E, 0xEF,
    0x7E, 0xEF, 0x86, 0x29, 0x21, 0x00, 0x82, 0x08, 0x62, 0x08, 0x62, 0x08, 0x62, 0x08, 0x62, 0x08,
    0x62, 0x08, 0x62, 0x08, 0x62, 0x08, 0x62, 0x08, 0x82, 0x08, 0x21, 0x00, 0x86, 0x29, 0x7E, 0xEF,
    0x7E, 0xEF, 0x5D, 0xE7, 0xFF, 0xFF, 0xF0, 0x7B, 0x00, 0x00, 0x82, 0x08, 0x62, 0x08, 0x62, 0x08,
    0x62, 0x08, 0x62, 0x08, 0x62, 0x08, 0x62, 0x08, 0x62, 0x08, 0x62, 0x08, 0x62, 0x08, 0x62, 0x08,
    0x62, 0x08, 0x62, 0x08, 0x62, 0x08, 0x62, 0x08, 0x62, 0x08, 0x62, 0x08, 0x62, 0x08, 0x62, 0x08,
    0x62, 0x08, 0x62, 0x08, 0x62, 0x08, 0x62, 0x08, 0x41, 0x00, 0xE4, 0x18, 0xFC, 0xD6, 0x9E, 0xEF,
    0x7E, 0xE7, 0x7E, 0xE7, 0xBF, 0xF7, 0x59, 0xC6, 0x82, 0x08, 0x62, 0x08, 0x62, 0x08, 0x62, 0x08,
    0x62, 0x08, 0x62, 0x08, 0x82, 0x08, 0x00, 0x00, 0xD3, 0x94, 0xFF, 0xF7, 0x5D, 0xE7, 0x7E, 0xEF,
    0x7E, 0xE7, 0xBF, 0xF7, 0x49, 0x42, 0x20, 0x00, 0x82, 0x08, 0x62, 0x08, 0x62, 0x08, 0x62, 0x08,
    0x62, 0x08, 0x62, 0x08, 0x62, 0x08, 0x62, 0x08, 0x62, 0x08, 0x62, 0x08, 0x62, 0x08, 0x62, 0x08,
    0x62, 0x08, 0x62, 0x08, 0x62, 0x08, 0x62, 0x08, 0x62, 0x08, 0x62, 0x08, 0x62, 0x08, 0x62, 0x08,
    0x62, 0x08, 0x62, 0x08, 0x82, 0x08, 0x00, 0x00, 0x29, 0x42, 0xDF, 0xF7, 0x7E, 0xE7, 0x5D, 0xE7,
    0xFF, 0xF7, 0x0C, 0x5B, 0x00, 0x00, 0x82, 0x08, 0x62, 0x08, 0x62, 0x08, 0x62, 0x08, 0x62, 0x08,
    0x62, 0x08, 0x62, 0x08, 0x62, 0x08, 0x62, 0x08, 0x82, 0x08, 0x00, 0x00, 0x2D, 0x63, 0xFF, 0xF7,
    0x5D, 0xE7, 0x7E, 0xE7, 0xBF, 0xF7, 0x29, 0x42, 0x00, 0x00, 0x82, 0x08, 0x62, 0x08, 0x62, 0x08,
    0x62, 0x08, 0x62, 0x08, 0x62, 0x08, 0x62, 0x08, 0x62, 0x08, 0x62, 0x08, 0x62, 0x08, 0x62, 0x08,
    0x62, 0x08, 0x62, 0x08, 0x62, 0x08, 0x62, 0x08, 0x62, 0x08, 0x62, 0x08, 0x62, 0x08, 0x62, 0x08,
    0x62, 0x08, 0x62, 0x08, 0x62, 0x08, 0x82, 0x08, 0x00, 0x00, 0x8E, 0x6B, 0xFF, 0xFF, 0x5D, 0xE7,
    0x7E, 0xEF, 0x5D, 0xE7, 0xFF, 0xFF, 0x2D, 0x63, 0x00, 0x00, 0x82, 0x08, 0x62, 0x08, 0x62, 0x08,
    0x62, 0x08, 0x62, 0x08, 0x82, 0x08, 0x21, 0x00, 0x86, 0x29, 0x9E, 0xEF, 0x7E, 0xEF, 0x7E, 0xEF,
    0x5D, 0xE7, 0xFF, 0xF7, 0x76, 0xA5, 0x00, 0x00, 0x82, 0x08, 0x62, 0x08, 0x62, 0x08, 0x62, 0x08,
    0x62, 0x08, 0x62, 0x08, 0x62, 0x08, 0x62, 0x08, 0x62, 0x08, 0x62, 0x08, 0x62, 0x08, 0x62, 0x08,
    0x62, 0x08, 0x62, 0x08, 0x62, 0x08, 0x62, 0x08, 0x62, 0x08, 0x62, 0x08, 0x62, 0x08, 0x62, 0x08,
    0x62, 0x08, 0x62, 0x08, 0x62, 0x08, 0x41, 0x00, 0xE4, 0x18, 0xFC, 0xDE, 0x9E, 0xEF, 0x5D, 0xE7,
    0xFF, 0xF7, 0xF4, 0x94, 0x00, 0x00, 0x82, 0x08, 0x62, 0x08, 0x62, 0x08, 0x62, 0x08, 0x62, 0x08,
    0x62, 0x08, 0x62, 0x08, 0x62, 0x08, 0x62, 0x08, 0x82, 0x08, 0x00, 0x00, 0x31, 0x84, 0xFF, 0xFF,
    0x5D, 0xE7, 0x9E, 0xEF, 0x1C, 0xDF, 0x04, 0x19, 0x41, 0x00, 0x62, 0x08, 0x62, 0x08, 0x62, 0x08,
    0x62, 0x08, 0x62, 0x08, 0x62, 0x08, 0x62, 0x08, 0x62, 0x08, 0x62, 0x08, 0x62, 0x08, 0x62, 0x08,
    0x62, 0x08, 0x62, 0x08, 0x62, 0x08, 0x62, 0x08, 0x62, 0x08, 0x62, 0x08, 0x62, 0x08, 0x62, 0x08,
    0x62, 0x08, 0x62, 0x08, 0x62, 0x08, 0x62, 0x08, 0x82, 0x08, 0x59, 0xC6, 0xBF, 0xF7, 0x7E, 0xE7,
    0x7E, 0xE7, 0x9E, 0xEF, 0xFC, 0xD6, 0xE4, 0x18, 0x41, 0x00, 0x62, 0x08, 0x62, 0x08, 0x62, 0x08,
    0x62, 0x08, 0x62, 0x08, 0x62, 0x08, 0x82, 0x08, 0x21, 0x00, 0x96, 0xAD, 0xDF, 0xF7, 0x5D, 0xE7,
    0x7E, 0xE7, 0x7E, 0xEF, 0x5D, 0xE7, 0x86, 0x29, 0x21, 0x00, 0x82, 0x08, 0x62, 0x08, 0x62, 0x08,
    0x62, 0x08, 0x62, 0x08, 0x62, 0x08, 0x62, 0x08, 0x62, 0x08, 0x62, 0x08, 0x62, 0x08, 0x62, 0x08,
    0x62, 0x08, 0x62, 0x08, 0x62, 0x08, 0x62, 0x08, 0x62, 0x08, 0x62, 0x08, 0x62, 0x08, 0x62, 0x08,
    0x62, 0x08, 0x62, 0x08, 0x62, 0x08, 0x82, 0x08, 0x21, 0x00, 0xD7, 0xB5, 0xDF, 0xF7, 0x5D, 0xE7,
    0xDF, 0xF7, 0xD7, 0xB5, 0x21, 0x00, 0x62, 0x08, 0x62, 0x08, 0x62, 0x08, 0x62, 0x08, 0x62, 0x08,
    0x62, 0x08, 0x62, 0x08, 0x62, 0x08, 0x62, 0x08, 0x82, 0x08, 0x00, 0x00, 0x76, 0xA5, 0xDF, 0xF7,
    0x5D, 0xE7, 0xDF, 0xF7, 0x18, 0xBE, 0x41, 0x00, 0x62, 0x08, 0x62, 0x08, 0x62, 0x08, 0x62, 0x08,
    0x62, 0x08, 0x62, 0x08, 0x62, 0x08, 0x62, 0x08, 0x62, 0x08, 0x62, 0x08, 0x62, 0x08, 0x62, 0x08,
    0x62, 0x08, 0x62, 0x08, 0x62, 0x08, 0x62, 0x08, 0x62, 0x08, 0x62, 0x08, 0x62, 0x08, 0x62, 0x08,
    0x62, 0x08, 0x62, 0x08, 0x82, 0x08, 0x00, 0x00, 0x8A, 0x4A, 0xFF, 0xF7, 0x5D, 0xE7, 0x7E, 0xEF,
    0x5D, 0xE7, 0xFF, 0xFF, 0x51, 0x84, 0x00, 0x00, 0x82, 0x08, 0x62, 0x08, 0x62, 0x08, 0x62, 0x08,
    0x62, 0x08, 0x62, 0x08, 0x62, 0x08, 0x82, 0x08, 0x00, 0x00, 0x8A, 0x4A, 0xFF, 0xF7, 0x5D, 0xE7,
    0x7E, 0xEF, 0x5D, 0xE7, 0xFF, 0xFF, 0x51, 0x84, 0x00, 0x00, 0x82, 0x08, 0x62, 0x08, 0x62, 0x08,
    0x62, 0x08, 0x62, 0x08, 0x62, 0x08, 0x62, 0x08, 0x62, 0x08, 0x62, 0x08, 0x62, 0x08, 0x62, 0x08,
    0x62, 0x08, 0x62, 0x08, 0x62, 0x08, 0x62, 0x08, 0x62, 0x08, 0x62, 0x08, 0x62, 0x08, 0x62, 0x08,
    0x62, 0x08, 0x62, 0x08, 0x62, 0x08, 0x82, 0x08, 0x00, 0x00, 0x72, 0x8C, 0xFF, 0xFF, 0x5D, 0xE7,
    0x9E, 0xEF, 0xDB, 0xD6, 0xC3, 0x10, 0x41, 0x00, 0x62, 0x08, 0x62, 0x08, 0x62, 0x08, 0x62, 0x08,
    0x62, 0x08, 0x62, 0x08, 0x62, 0x08, 0x62, 0x08, 0x62, 0x08, 0x82, 0x08, 0x59, 0xC6, 0xBF, 0xF7,
    0x5D, 0xE7, 0xFF, 0xF7, 0x35, 0x9D, 0x00, 0x00, 0x82, 0x08, 0x62, 0x08, 0x62, 0x08, 0x62, 0x08,
    0x62, 0x08, 0x62, 0x08, 0x62, 0x08, 0x62, 0x08, 0x62, 0x08, 0x62, 0x08, 0x62, 0x08, 0x62, 0x08,
    0x62, 0x08, 0x62, 0x08, 0x62, 0x08, 0x62, 0x08, 0x62, 0x08, 0x62, 0x08, 0x62, 0x08, 0x62, 0x08,
    0x62, 0x08, 0x62, 0x08, 0x82, 0x08, 0x21, 0x00, 0x96, 0xAD, 0xDF, 0xF7, 0x5D, 0xE7, 0x7E, 0xE7,
    0x7E, 0xEF, 0x5D, 0xE7, 0x86, 0x29, 0x21, 0x00, 0x82, 0x08, 0x62, 0x08, 0x62, 0x08, 0x62, 0x08,
    0x62, 0x08, 0x62, 0x08, 0x62, 0x08, 0x62, 0x08, 0x62, 0x08, 0x82, 0x08, 0x59, 0xC6, 0xBF, 0xF7,
    0x7E, 0xE7, 0x7E, 0xE7, 0x9E, 0xEF, 0xFC, 0xD6, 0xE4, 0x18, 0x41, 0x00, 0x62, 0x08, 0x62, 0x08,
    0x62, 0x08, 0x62, 0x08, 0x62, 0x08, 0x62, 0x08, 0x62, 0x08, 0x62, 0x08, 0x62, 0x08, 0x62, 0x08,
    0x62, 0x08, 0x62, 0x08, 0x62, 0x08, 0x62, 0x08, 0x62, 0x08, 0x62, 0x08, 0x62, 0x08, 0x62, 0x08,
    0x62, 0x08, 0x62, 0x08, 0x62, 0x08, 0x82, 0x08, 0x00, 0x00, 0x6E, 0x6B, 0xFF, 0xF7, 0x5D, 0xE7,
    0x7E, 0xEF, 0x7E, 0xE7, 0x86, 0x29, 0x21, 0x00, 0x82, 0x08, 0x62, 0x08, 0x62, 0x08, 0x62, 0x08,
    0x62, 0x08, 0x62, 0x08, 0x62, 0x08, 0x62, 0x08, 0x41, 0x00, 0xE4, 0x18, 0x1C, 0xDF, 0x9E, 0xEF,
    0x5D, 0xE7, 0xFF, 0xFF, 0xF0, 0x7B, 0x00, 0x00, 0x82, 0x08, 0x62, 0x08, 0x62, 0x08, 0x62, 0x08,
    0x62, 0x08, 0x62, 0x08, 0x62, 0x08, 0x62, 0x08, 0x62, 0x08, 0x62, 0x08, 0x62, 0x08, 0x62, 0x08,
    0x62, 0x08, 0x62, 0x08, 0x62, 0x08, 0x62, 0x08, 0x62, 0x08, 0x62, 0x08, 0x62, 0x08, 0x62, 0x08,
    0x62, 0x08, 0x82, 0x08, 0x21, 0x00, 0xA7, 0x29, 0x9E, 0xEF, 0x7E, 0xEF, 0x7E, 0xEF, 0x5D, 0xE7,
    0xFF, 0xF7, 0x76, 0xA5, 0x00, 0x00, 0x82, 0x08, 0x62, 0x08, 0x62, 0x08, 0x62, 0x08, 0x62, 0x08,
    0x62, 0x08, 0x62, 0x08, 0x62, 0x08, 0x62, 0x08, 0x82, 0x08, 0x00, 0x00, 0x8E, 0x6B, 0xFF, 0xFF,
    0x5D, 0xE7, 0x7E, 0xEF, 0x5D, 0xE7, 0xFF, 0xFF, 0x2D, 0x63, 0x00, 0x00, 0x82, 0x08, 0x62, 0x08,
    0x62, 0x08, 0x62, 0x08, 0x62, 0x08, 0x62, 0x08, 0x62, 0x08, 0x62, 0x08, 0x62, 0x08, 0x62, 0x08,
    0x62, 0x08, 0x62, 0x08, 0x62, 0x08, 0x62, 0x08, 0x62, 0x08, 0x62, 0x08, 0x62, 0x08, 0x62, 0x08,
    0x62, 0x08, 0x62, 0x08, 0x62, 0x08, 0x82, 0x08, 0x00, 0x00, 0x29, 0x42, 0xDF, 0xF7, 0x7E, 0xE7,
    0x7E, 0xE7, 0xDF, 0xF7, 0x49, 0x42, 0x00, 0x00, 0x82, 0x08, 0x62, 0x08, 0x62, 0x08, 0x62, 0x08,
    0x62, 0x08, 0x62, 0x08, 0x62, 0x08, 0x62, 0x08, 0x41, 0x00, 0xE4, 0x18, 0x1C, 0xDF, 0x9E, 0xEF,
    0x5D, 0xE7, 0xFF, 0xFF, 0xCF, 0x73, 0x00, 0x00, 0x82, 0x08, 0x62, 0x08, 0x62, 0x08, 0x62, 0x08,
    0x62, 0x08, 0x62, 0x08, 0x62, 0x08, 0x62, 0x08, 0x62, 0x08, 0x62, 0x08, 0x62, 0x08, 0x62, 0x08,
    0x62, 0x08, 0x62, 0x08, 0x62, 0x08, 0x62, 0x08, 0x62, 0x08, 0x62, 0x08, 0x62, 0x08, 0x62, 0x08,
    0x62, 0x08, 0x82, 0x08, 0x00, 0x00, 0xB3, 0x94, 0xFF, 0xF7, 0x5D, 0xE7, 0x7E, 0xEF, 0x7E, 0xE7,
    0xBF, 0xF7, 0x49, 0x42, 0x00, 0x00, 0x82, 0x08, 0x62, 0x08, 0x62, 0x08, 0x62, 0x08, 0x62, 0x08,
    0x62, 0x08, 0x62, 0x08, 0x62, 0x08, 0x62, 0x08, 0x62, 0x08, 0x41, 0x00, 0xE4, 0x18, 0xFC, 0xDE,
    0x9E, 0xEF, 0x7E, 0xE7, 0x7E, 0xE7, 0xBF, 0xF7, 0x59, 0xC6, 0x62, 0x08, 0x62, 0x08, 0x62, 0x08,
    0x62, 0x08, 0x62, 0x08, 0x62, 0x08, 0x62, 0x08, 0x62, 0x08, 0x62, 0x08, 0x62, 0x08, 0x62, 0x08,
    0x62, 0x08, 0x62, 0x08, 0x62, 0x08, 0x62, 0x08, 0x62, 0x08, 0x62, 0x08, 0x62, 0x08, 0x62, 0x08,
    0x62, 0x08, 0x62, 0x08, 0x62, 0x08, 0x82, 0x08, 0x00, 0x00, 0x29, 0x42, 0xBF, 0xF7, 0x7E, 0xE7,
    0x7E, 0xE7, 0xDF, 0xF7, 0x49, 0x42, 0x00, 0x00, 0x82, 0x08, 0x62, 0x08, 0x62, 0x08, 0x62, 0x08,
    0x62, 0x08, 0x62, 0x08, 0x62, 0x08, 0x82, 0x08, 0x00, 0x00, 0x29, 0x42, 0xBF, 0xF7, 0x7E, 0xE7,
    0x7E, 0xE7, 0xDF, 0xF7, 0x49, 0x42, 0x00, 0x00, 0x82, 0x08, 0x62, 0x08, 0x62, 0x08, 0x62, 0x08,
    0x62, 0x08, 0x62, 0x08, 0x62, 0x08, 0x62, 0x08, 0x62, 0x08, 0x62, 0x08, 0x62, 0x08, 0x62, 0x08,
    0x62, 0x08, 0x62, 0x08, 0x62, 0x08, 0x62, 0x08, 0x62, 0x08, 0x62, 0x08, 0x62, 0x08, 0x62, 0x08,
    0x62, 0x08, 0x41, 0x00, 0xE4, 0x18, 0xFC, 0xDE, 0x9E, 0xEF, 0x7E, 0xE7, 0x7E, 0xE7, 0xBF, 0xF7,
    0x59, 0xC6, 0x62, 0x08, 0x62, 0x08, 0x62, 0x08, 0x62, 0x08, 0x62, 0x08, 0x62, 0x08, 0x62, 0x08,
    0x62, 0x08, 0x62, 0x08, 0x62, 0x08, 0x62, 0x08, 0x62, 0x08, 0x82, 0x08, 0x00, 0x00, 0xB3, 0x94,
    0xFF, 0xF7, 0x5D, 0xE7, 0x7E, 0xEF, 0x7E, 0xE7, 0xBF, 0xF7, 0x49, 0x42, 0x00, 0x00, 0x82, 0x08,
    0x62, 0x08, 0x62, 0x08, 0x62, 0x08, 0x62, 0x08, 0x62, 0x08, 0x62, 0x08, 0x62, 0x08, 0x62, 0x08,
    0x62, 0x08, 0x62, 0x08, 0x62, 0x08, 0x62, 0x08, 0x62, 0x08, 0x62, 0x08, 0x62, 0x08, 0x62, 0x08,
    0x62, 0x08, 0x62, 0x08, 0x62, 0x08, 0x62, 0x08, 0x41, 0x00, 0x04, 0x19, 0x1C, 0xDF, 0x9E, 0xEF,
    0x5D, 0xE7, 0xFF, 0xFF, 0xCF, 0x73, 0x00, 0x00, 0x82, 0x08, 0x62, 0x08, 0x62, 0x08, 0x62, 0x08,
    0x62, 0x08, 0x62, 0x08, 0x62, 0x08, 0x82, 0x08, 0x00, 0x00, 0x49, 0x42, 0xDF, 0xF7, 0x7E, 0xE7,
    0x7E, 0xE7, 0xDF, 0xF7, 0x29, 0x42, 0x00, 0x00, 0x82, 0x08, 0x62, 0x08, 0x62, 0x08, 0x62, 0x08,
    0x62, 0x08, 0x62, 0x08, 0x62, 0x08, 0x62, 0x08, 0x62, 0x08, 0x62, 0x08, 0x62, 0x08, 0x62, 0x08,
    0x62, 0x08, 0x62, 0x08, 0x62, 0x08, 0x62, 0x08, 0x62, 0x08, 0x62, 0x08, 0x62, 0x08, 0x62, 0x08,
    0x82, 0x08, 0x00, 0x00, 0x8E, 0x6B, 0xFF, 0xFF, 0x5D, 0xE7, 0x7E, 0xEF, 0x5D, 0xE7, 0xFF, 0xFF,
    0x2D, 0x63, 0x00, 0x00, 0x82, 0x08, 0x62, 0x08, 0x62, 0x08, 0x62, 0x08, 0x62, 0x08, 0x62, 0x08,
    0x62, 0x08, 0x62, 0x08, 0x62, 0x08, 0x62, 0x08, 0x62, 0x08, 0x82, 0x08, 0x21, 0x00, 0xA7, 0x29,
    0x9E, 0xEF, 0x7E, 0xEF, 0x7E, 0xEF, 0x5D, 0xE7, 0xFF, 0xF7, 0x76, 0xA5, 0x00, 0x00, 0x82, 0x08,
    0x62, 0x08, 0x62, 0x08, 0x62, 0x08, 0x62, 0x08, 0x62, 0x08, 0x62, 0x08, 0x62, 0x08, 0x62, 0x08,
    0x62, 0x08, 0x62, 0x08, 0x62, 0x08, 0x62, 0x08, 0x62, 0x08, 0x62, 0x08, 0x62, 0x08, 0x62, 0x08,
    0x62, 0x08, 0x62, 0x08, 0x62, 0x08, 0x62, 0x08, 0x41, 0x00, 0xE4, 0x10, 0xFC, 0xDE, 0x9E, 0xEF,
    0x5D, 0xE7, 0xFF, 0xFF, 0xF0, 0x7B, 0x00, 0x00, 0x82, 0x08, 0x62, 0x08, 0x62, 0x08, 0x62, 0x08,
    0x62, 0x08, 0x62, 0x08, 0x62, 0x08, 0x82, 0x08, 0x00, 0x00, 0x29, 0x42, 0xDF, 0xF7, 0x7E, 0xE7,
    0x7E, 0xE7, 0xDF, 0xF7, 0x29, 0x42, 0x00, 0x00, 0x82, 0x08, 0x62, 0x08, 0x62, 0x08, 0x62, 0x08,
    0x62, 0x08, 0x62, 0x08, 0x62, 0x08, 0x62, 0x08, 0x62, 0x08, 0x62, 0x08, 0x62, 0x08, 0x62, 0x08,
    0x62, 0x08, 0x62, 0x08, 0x62, 0x08, 0x62, 0x08, 0x62, 0x08, 0x62, 0x08, 0x62, 0x08, 0x62, 0x08,
    0x62, 0x08, 0x82, 0x08, 0x59, 0xC6, 0xBF, 0xF7, 0x7E, 0xE7, 0x7E, 0xE7, 0x9E, 0xEF, 0xFC, 0xD6,
    0xE4, 0x18, 0x41, 0x00, 0x62, 0x08, 0x62, 0x08, 0x62, 0x08, 0x62, 0x08, 0x62, 0x08, 0x62, 0x08,
    0x62, 0x08, 0x62, 0x08, 0x62, 0x08, 0x62, 0x08, 0x62, 0x08, 0x62, 0x08, 0x82, 0x08, 0x21, 0x00,
    0x96, 0xAD, 0xDF, 0xF7, 0x5D, 0xE7, 0x7E, 0xE7, 0x7E, 0xEF, 0x5D, 0xE7, 0x86, 0x29, 0x21, 0x00,
    0x82, 0x08, 0x62, 0x08, 0x62, 0x08, 0x62, 0x08, 0x62, 0x08, 0x62, 0x08, 0x62, 0x08, 0x62, 0x08,
    0x62, 0x08, 0x62, 0x08, 0x62, 0x08, 0x62, 0x08, 0x62, 0x08, 0x62, 0x08, 0x62, 0x08, 0x62, 0x08,
    0x62, 0x08, 0x62, 0x08, 0x62, 0x08, 0x62, 0x08, 0x41, 0x00, 0xE4, 0x18, 0xFC, 0xDE, 0x9E, 0xEF,
    0x5D, 0xE7, 0xFF, 0xFF, 0xF0, 0x7B, 0x00, 0x00, 0x82, 0x08, 0x62, 0x08, 0x62, 0x08, 0x62, 0x08,
    0x62, 0x08, 0x62, 0x08, 0x62, 0x08, 0x82, 0x08, 0x00, 0x00, 0x29, 0x42, 0xDF, 0xF7, 0x7E, 0xE7,
    0x7E, 0xE7, 0xDF, 0xF7, 0x29, 0x42, 0x00, 0x00, 0x82, 0x08, 0x62, 0x08, 0x62, 0x08, 0x62, 0x08,
    0x62, 0x08, 0x62, 0x08, 0x62, 0x08, 0x62, 0x08, 0x62, 0x08, 0x62, 0x08, 0x62, 0x08, 0x62, 0x08,
    0x62, 0x08, 0x62, 0x08, 0x62, 0x08, 0x62, 0x08, 0x62, 0x08, 0x62, 0x08, 0x62, 0x08, 0x82, 0x08,
    0x00, 0x00, 0x8A, 0x4A, 0xFF, 0xF7, 0x5D, 0xE7, 0x7E, 0xEF, 0x5D, 0xE7, 0xFF, 0xFF, 0x51, 0x84,
    0x00, 0x00, 0x82, 0x08, 0x62, 0x08, 0x62, 0x08, 0x62, 0x08, 0x62, 0x08, 0x62, 0x08, 0x62, 0x08,
    0x62, 0x08, 0x62, 0x08, 0x62, 0x08, 0x62, 0x08, 0x62, 0x08, 0x62, 0x08, 0x82, 0x08, 0x00, 0x00,
    0x8A, 0x4A, 0xFF, 0xF7, 0x5D, 0xE7, 0x7E, 0xEF, 0x5D, 0xE7, 0xFF, 0xFF, 0x51, 0x84, 0x00, 0x00,
    0x82, 0x08, 0x62, 0x08, 0x62, 0x08, 0x62, 0x08, 0x62, 0x08, 0x62, 0x08, 0x62, 0x08, 0x62, 0x08,
    0x62, 0x08, 0x62, 0x08, 0x62, 0x08, 0x62, 0x08, 0x62, 0x08, 0x62, 0x08, 0x62, 0x08, 0x62, 0x08,
    0x62, 0x08, 0x62, 0x08, 0x62, 0x08, 0x62, 0x08, 0x41, 0x00, 0xE4, 0x18, 0xFC, 0xDE, 0x9E, 0xEF,
    0x5D, 0xE7, 0xFF, 0xFF, 0xF0, 0x7B, 0x00, 0x00, 0x82, 0x08, 0x62, 0x08, 0x62, 0x08, 0x62, 0x08,
    0x62, 0x08, 0x62, 0x08, 0x62, 0x08, 0x82, 0x08, 0x00, 0x00, 0x29, 0x42, 0xDF, 0xF7, 0x7E, 0xE7,
    0x7E, 0xE7, 0xDF, 0xF7, 0x49, 0x42, 0x00, 0x00, 0x82, 0x08, 0x62, 0x08, 0x62, 0x08, 0x62, 0x08,
    0x62, 0x08, 0x62, 0x08, 0x62, 0x08, 0x62, 0x08, 0x62, 0x08, 0x62, 0x08, 0x62, 0x08, 0x62, 0x08,
    0x62, 0x08, 0x62, 0x08, 0x62, 0x08, 0x62, 0x08, 0x62, 0x08, 0x62, 0x08, 0x62, 0x08, 0x82, 0x08,
    0x41, 0x00, 0x96, 0xAD, 0xDF, 0xF7, 0x5D, 0xE7, 0x7E, 0xEF, 0x7E, 0xEF, 0x7E, 0xE7, 0x86, 0x29,
    0x21, 0x00, 0x82, 0x08, 0x62, 0x08, 0x62, 0x08, 0x62, 0x08, 0x62, 0x08, 0x62, 0x08, 0x62, 0x08,
    0x62, 0x08, 0x62, 0x08, 0x62, 0x08, 0x62, 0x08, 0x62, 0x08, 0x62, 0x08, 0x62, 0x08, 0x62, 0x08,
    0x82, 0x08, 0x59, 0xC6, 0xBF, 0xF7, 0x7E, 0xE7, 0x7E, 0xE7, 0x9E, 0xEF, 0xFC, 0xD6, 0xE4, 0x18,
    0x41, 0x00, 0x62, 0x08, 0x62, 0x08, 0x62, 0x08, 0x62, 0x08, 0x62, 0x08, 0x62, 0x08, 0x62, 0x08,
    0x62, 0x08, 0x62, 0x08, 0x62, 0x08, 0x62, 0x08, 0x62, 0x08, 0x62, 0x08, 0x62, 0x08, 0x62, 0x08,
    0x62, 0x08, 0x62, 0x08, 0x62, 0x08, 0x62, 0x08, 0x41, 0x00, 0xE4, 0x18, 0xFC, 0xDE, 0x9E, 0xEF,
    0x5D, 0xE7, 0xFF, 0xFF, 0xF0, 0x7B, 0x00, 0x00, 0x82, 0x08, 0x62, 0x08, 0x62, 0x08, 0x62, 0x08,
    0x62, 0x08, 0x62, 0x08, 0x62, 0x08, 0x82, 0x08, 0x00, 0x00, 0x49, 0x42, 0xDF, 0xF7, 0x7E, 0xE7,
    0x7E, 0xE7, 0xDF, 0xF7, 0x29, 0x42, 0x00, 0x00, 0x82, 0x08, 0x62, 0x08, 0x62, 0x08, 0x62, 0x08,
    0x62, 0x08, 0x62, 0x08, 0x62, 0x08, 0x62, 0x08, 0x62, 0x08, 0x62, 0x08, 0x62, 0x08, 0x62, 0x08,
    0x62, 0x08, 0x62, 0x08, 0x62, 0x08, 0x62, 0x08, 0x62, 0x08, 0x62, 0x08, 0x82, 0x08, 0x00, 0x00,
    0xE8, 0x39, 0xBF, 0xF7, 0x7E, 0xE7, 0x7E, 0xEF, 0x5D, 0xE7, 0xFF, 0xF7, 0xF4, 0x9C, 0x00, 0x00,
    0x82, 0x08, 0x62, 0x08, 0x62, 0x08, 0x62, 0x08, 0x62, 0x08, 0x62, 0x08, 0x62, 0x08, 0x62, 0x08,
    0x62, 0x08, 0x62, 0x08, 0x62, 0x08, 0x62, 0x08, 0x62, 0x08, 0x62, 0x08, 0x62, 0x08, 0x82, 0x08,
    0x00, 0x00, 0x2D, 0x63, 0xFF, 0xFF, 0x5D, 0xE7, 0x7E, 0xEF, 0x5D, 0xE7, 0xFF, 0xFF, 0x8E, 0x6B,
    0x00, 0x00, 0x82, 0x08, 0x62, 0x08, 0x62, 0x08, 0x62, 0x08, 0x62, 0x08, 0x62, 0x08, 0x62, 0x08,
    0x62, 0x08, 0x62, 0x08, 0x62, 0x08, 0x62, 0x08, 0x62, 0x08, 0x62, 0x08, 0x62, 0x08, 0x62, 0x08,
    0x62, 0x08, 0x62, 0x08, 0x62, 0x08, 0x62, 0x08, 0x41, 0x00, 0xC3, 0x10, 0xFC, 0xDE, 0x9E, 0xEF,
    0x5D, 0xE7, 0xFF, 0xFF, 0x10, 0x7C, 0x00, 0x00, 0x82, 0x08, 0x62, 0x08, 0x62, 0x08, 0x62, 0x08,
    0x62, 0x08, 0x62, 0x08, 0x62, 0x08, 0x82, 0x08, 0x41, 0x00, 0x25, 0x21, 0x3D, 0xE7, 0x9E, 0xEF,
    0x5D, 0xE7, 0xFF, 0xF7, 0x8E, 0x6B, 0x00, 0x00, 0x82, 0x08, 0x62, 0x08, 0x62, 0x08, 0x62, 0x08,
    0x62, 0x08, 0x62, 0x08, 0x62, 0x08, 0x62, 0x08, 0x62, 0x08, 0x62, 0x08, 0x62, 0x08, 0x62, 0x08,
    0x62, 0x08, 0x62, 0x08, 0x62, 0x08, 0x62, 0x08, 0x62, 0x08, 0x62, 0x08, 0x82, 0x08, 0x00, 0x00,
    0xD3, 0x94, 0xFF, 0xF7, 0x5D, 0xE7, 0x7E, 0xEF, 0x7E, 0xE7, 0xBF, 0xF7, 0x29, 0x42, 0x00, 0x00,
    0x82, 0x08, 0x62, 0x08, 0x62, 0x08, 0x62, 0x08, 0x62, 0x08, 0x62, 0x08, 0x62, 0x08, 0x62, 0x08,
    0x62, 0x08, 0x62, 0x08, 0x62, 0x08, 0x62, 0x08, 0x62, 0x08, 0x62, 0x08, 0x62, 0x08, 0x62, 0x08,
    0x41, 0x00, 0xE4, 0x18, 0xFC, 0xD6, 0x9E, 0xEF, 0x7E, 0xE7, 0x7E, 0xE7, 0xBF, 0xF7, 0x59, 0xC6,
    0x82, 0x08, 0x62, 0x08, 0x62, 0x08, 0x62, 0x08, 0x62, 0x08, 0x62, 0x08, 0x62, 0x08, 0x62, 0x08,
    0x62, 0x08, 0x62, 0x08, 0x62, 0x08, 0x62, 0x08, 0x62, 0x08, 0x62, 0x08, 0x62, 0x08, 0x62, 0x08,
    0x62, 0x08, 0x62, 0x08, 0x62, 0x08, 0x82, 0x08, 0x21, 0x00, 0xE8, 0x39, 0x9E, 0xEF, 0x7E, 0xE7,
    0x5D, 0xE7, 0xDF, 0xF7, 0xAB, 0x52, 0x00, 0x00, 0x82, 0x08, 0x62, 0x08, 0x62, 0x08, 0x62, 0x08,
    0x62, 0x08, 0x62, 0x08, 0x62, 0x08, 0x62, 0x08, 0x41, 0x00, 0xE4, 0x10, 0x1C, 0xDF, 0x9E, 0xEF,
    0x5D, 0xE7, 0xFF, 0xFF, 0xF0, 0x7B, 0x00, 0x00, 0x82, 0x08, 0x62, 0x08, 0x62, 0x08, 0x62, 0x08,
    0x62, 0x08, 0x62, 0x08, 0x62, 0x08, 0x62, 0x08, 0x62, 0x08, 0x62, 0x08, 0x62, 0x08, 0x62, 0x08,
    0x62, 0x08, 0x62, 0x08, 0x62, 0x08, 0x62, 0x08, 0x62, 0x08, 0x62, 0x08, 0x41, 0x00, 0x04, 0x19,
    0x3D, 0xE7, 0x9E, 0xEF, 0x7E, 0xE7, 0x5D, 0xE7, 0xDF, 0xF7, 0xF8, 0xBD, 0x21, 0x00, 0x62, 0x08,
    0x62, 0x08, 0x62, 0x08, 0x62, 0x08, 0x62, 0x08, 0x62, 0x08, 0x62, 0x08, 0x62, 0x08, 0x62, 0x08,
    0x62, 0x08, 0x62, 0x08, 0x62, 0x08, 0x62, 0x08, 0x62, 0x08, 0x62, 0x08, 0x62, 0x08, 0x62, 0x08,
    0x82, 0x08, 0x00, 0x00, 0x51, 0x84, 0xFF, 0xFF, 0x5D, 0xE7, 0x7E, 0xEF, 0x5D, 0xE7, 0xFF, 0xF7,
    0x8A, 0x4A, 0x00, 0x00, 0x82, 0x08, 0x62, 0x08, 0x62, 0x08, 0x62, 0x08, 0x62, 0x08, 0x62, 0x08,
    0x62, 0x08, 0x62, 0x08, 0x62, 0x08, 0x62, 0x08, 0x62, 0x08, 0x62, 0x08, 0x62, 0x08, 0x62, 0x08,
    0x62, 0x08, 0x62, 0x08, 0x62, 0x08, 0x82, 0x08, 0x00, 0x00, 0x29, 0x42, 0xDF, 0xF7, 0x7E, 0xE7,
    0x7E, 0xE7, 0xDF, 0xF7, 0x29, 0x42, 0x00, 0x00, 0x82, 0x08, 0x62, 0x08, 0x62, 0x08, 0x62, 0x08,
    0x62, 0x08, 0x62, 0x08, 0x62, 0x08, 0x62, 0x08, 0x41, 0x00, 0xA3, 0x10, 0xBB, 0xCE, 0xBF, 0xEF,
    0x5D, 0xE7, 0xFF, 0xF7, 0xD3, 0x94, 0x00, 0x00, 0x82, 0x08, 0x62, 0x08, 0x62, 0x08, 0x62, 0x08,
    0x62, 0x08, 0x62, 0x08, 0x62, 0x08, 0x62, 0x08, 0x62, 0x08, 0x62, 0x08, 0x62, 0x08, 0x62, 0x08,
    0x62, 0x08, 0x62, 0x08, 0x62, 0x08, 0x62, 0x08, 0x62, 0x08, 0x82, 0x08, 0x00, 0x00, 0xF0, 0x7B,
    0xFF, 0xF7, 0x5D, 0xE7, 0x7E, 0xEF, 0x5D, 0xE7, 0xDF, 0xF7, 0x0C, 0x5B, 0x00, 0x00, 0x82, 0x08,
    0x62, 0x08, 0x62, 0x08, 0x62, 0x08, 0x62, 0x08, 0x62, 0x08, 0x62, 0x08, 0x62, 0x08, 0x62, 0x08,
    0x62, 0x08, 0x62, 0x08, 0x62, 0x08, 0x62, 0x08, 0x62, 0x08, 0x62, 0x08, 0x62, 0x08, 0x62, 0x08,
    0x82, 0x08, 0x21, 0x00, 0x86, 0x29, 0x5D, 0xE7, 0x7E, 0xEF, 0x7E, 0xE7, 0x5D, 0xE7, 0xDF, 0xF7,
    0x96, 0xAD, 0x21, 0x00, 0x82, 0x08, 0x62, 0x08, 0x62, 0x08, 0x62, 0x08, 0x62, 0x08, 0x62, 0x08,
    0x62, 0x08, 0x62, 0x08, 0x62, 0x08, 0x62, 0x08, 0x62, 0x08, 0x62, 0x08, 0x62, 0x08, 0x62, 0x08,
    0x62, 0x08, 0x62, 0x08, 0x62, 0x08, 0x82, 0x08, 0x00, 0x00, 0x0C, 0x5B, 0xDF, 0xF7, 0x5D, 0xE7,
    0x7E, 0xEF, 0x9E, 0xEF, 0xE8, 0x39, 0x21, 0x00, 0x82, 0x08, 0x62, 0x08, 0x62, 0x08, 0x62, 0x08,
    0x62, 0x08, 0x62, 0x08, 0x62, 0x08, 0x62, 0x08, 0x82, 0x08, 0x00, 0x00, 0xB7, 0xAD, 0xDF, 0xF7,
    0x5D, 0xE7, 0xDF, 0xF7, 0xF8, 0xB5, 0x21, 0x00, 0x62, 0x08, 0x62, 0x08, 0x62, 0x08, 0x62, 0x08,
    0x62, 0x08, 0x62, 0x08, 0x62, 0x08, 0x62, 0x08, 0x62, 0x08, 0x62, 0x08, 0x62, 0x08, 0x62, 0x08,
    0x62, 0x08, 0x62, 0x08, 0x62, 0x08, 0x62, 0x08, 0x62, 0x08, 0x62, 0x08, 0x82, 0x08, 0x9A, 0xCE,
    0xBF, 0xF7, 0x7E, 0xE7, 0x7E, 0xE7, 0x9E, 0xEF, 0xDB, 0xD6, 0xA3, 0x10, 0x42, 0x00, 0x62, 0x08,
    0x62, 0x08, 0x62, 0x08, 0x62, 0x08, 0x62, 0x08, 0x62, 0x08, 0x62, 0x08, 0x62, 0x08, 0x62, 0x08,
    0x62, 0x08, 0x62, 0x08, 0x62, 0x08, 0x62, 0x08, 0x62, 0x08, 0x62, 0x08, 0x62, 0x08, 0x62, 0x08,
    0x62, 0x08, 0x82, 0x08, 0x00, 0x00, 0x76, 0xA5, 0xFF, 0xF7, 0x5D, 0xE7, 0x7E, 0xEF, 0x7E, 0xEF,
    0x9E, 0xEF, 0xA7, 0x29, 0x21, 0x00, 0x82, 0x08, 0x62, 0x08, 0x62, 0x08, 0x62, 0x08, 0x62, 0x08,
    0x62, 0x08, 0x62, 0x08, 0x62, 0x08, 0x62, 0x08, 0x62, 0x08, 0x62, 0x08, 0x62, 0x08, 0x62, 0x08,
    0x62, 0x08, 0x62, 0x08, 0x62, 0x08, 0x82, 0x08, 0x00, 0x00, 0x31, 0x84, 0xFF, 0xFF, 0x5D, 0xE7,
    0x9E, 0xEF, 0xFC, 0xDE, 0xE4, 0x10, 0x41, 0x00, 0x62, 0x08, 0x62, 0x08, 0x62, 0x08, 0x62, 0x08,
    0x62, 0x08, 0x62, 0x08, 0x62, 0x08, 0x62, 0x08, 0x82, 0x08, 0x00, 0x00, 0x72, 0x8C, 0xFF, 0xFF,
    0x5D, 0xE7, 0x9E, 0xEF, 0xDB, 0xD6, 0xC3, 0x10, 0x41, 0x00, 0x62, 0x08, 0x62, 0x08, 0x62, 0x08,
    0x62, 0x08, 0x62, 0x08, 0x62, 0x08, 0x62, 0x08, 0x62, 0x08, 0x62, 0x08, 0x62, 0x08, 0x82, 0x08,
    0x82, 0x08, 0x82, 0x08, 0x82, 0x08, 0x82, 0x08, 0xA3, 0x08, 0x00, 0x00, 0xEC, 0x52, 0xFF, 0xF7,
    0x5D, 0xE7, 0x7E, 0xEF, 0x5D, 0xE7, 0xFF, 0xFF, 0xF0, 0x7B, 0x00, 0x00, 0x82, 0x08, 0x62, 0x08,
    0x62, 0x08, 0x62, 0x08, 0x62, 0x08, 0x62, 0x08, 0x62, 0x08, 0x62, 0x08, 0x62, 0x08, 0x62, 0x08,
    0x62, 0x08, 0x62, 0x08, 0x62, 0x08, 0x62, 0x08, 0x62, 0x08, 0x62, 0x08, 0x62, 0x08, 0x62, 0x08,
    0x62, 0x08, 0x82, 0x08, 0x00, 0x00, 0x49, 0x42, 0xBF, 0xF7, 0x7E, 0xE7, 0x7E, 0xEF, 0x5D, 0xE7,
    0xFF, 0xF7, 0xB3, 0x8C, 0x00, 0x00, 0xA3, 0x08, 0x82, 0x08, 0x82, 0x08, 0x82, 0x08, 0x82, 0x08,
    0x82, 0x08, 0x62, 0x08, 0x62, 0x08, 0x62, 0x08, 0x62, 0x08, 0x62, 0x08, 0x62, 0x08, 0x62, 0x08,
    0x62, 0x08, 0x62, 0x08, 0x62, 0x08, 0x82, 0x08, 0x00, 0x00, 0x76, 0xAD, 0xDF, 0xF7, 0x5D, 0xE7,
    0xDF, 0xF7, 0x18, 0xBE, 0x41, 0x00, 0x62, 0x08, 0x62, 0x08, 0x62, 0x08, 0x62, 0x08, 0x62, 0x08,
    0x62, 0x08, 0x62, 0x08, 0x62, 0x08, 0x62, 0x08, 0x82, 0x08, 0x00, 0x00, 0x6E, 0x6B, 0xFF, 0xFF,
    0x5D, 0xE7, 0x7E, 0xEF, 0x9E, 0xEF, 0xC7, 0x31, 0x21, 0x00, 0x82, 0x08, 0x62, 0x08, 0x62, 0x08,
    0x62, 0x08, 0x62, 0x08, 0x62, 0x08, 0x62, 0x08, 0x82, 0x08, 0x82, 0x08, 0x42, 0x08, 0x21, 0x00,
    0x00, 0x00, 0x01, 0x00, 0x21, 0x00, 0x21, 0x00, 0x21, 0x00, 0x00, 0x00, 0xB7, 0xB5, 0xDF, 0xFF,
    0x7E, 0xEF, 0x7E, 0xEF, 0x7E, 0xE7, 0x7E, 0xE7, 0x66, 0x21, 0x21, 0x00, 0x82, 0x08, 0x62, 0x08,
    0x62, 0x08, 0x62, 0x08, 0x62, 0x08, 0x62, 0x08, 0x62, 0x08, 0x62, 0x08, 0x62, 0x08, 0x62, 0x08,
    0x62, 0x08, 0x62, 0x08, 0x62, 0x08, 0x62, 0x08, 0x62, 0x08, 0x62, 0x08, 0x62, 0x08, 0x62, 0x08,
    0x62, 0x08, 0x62, 0x08, 0x62, 0x08, 0x62, 0x08, 0x59, 0xC6, 0xBF, 0xF7, 0x7E, 0xE7, 0x7E, 0xEF,
    0x9F, 0xF7, 0x1C, 0xE7, 0xC4, 0x18, 0x00, 0x00, 0x21, 0x08, 0x21, 0x00, 0x21, 0x00, 0x00, 0x00,
    0x01, 0x00, 0x41, 0x08, 0x82, 0x08, 0x82, 0x08, 0x62, 0x08, 0x62, 0x08, 0x62, 0x08, 0x62, 0x08,
    0x62, 0x08, 0x62, 0x08, 0x62, 0x08, 0x62, 0x08, 0xA3, 0x10, 0xBB, 0xCE, 0xBF, 0xEF, 0x5D, 0xE7,
    0xFF, 0xF7, 0x35, 0xA5, 0x00, 0x00, 0x82, 0x08, 0x62, 0x08, 0x62, 0x08, 0x62, 0x08, 0x62, 0x08,
    0x62, 0x08, 0x62, 0x08, 0x62, 0x08, 0x62, 0x08, 0x82, 0x08, 0x21, 0x00, 0xE8, 0x31, 0x9E, 0xEF,
    0x7E, 0xE7, 0x5D, 0xE7, 0xFF, 0xFF, 0x6E, 0x6B, 0x00, 0x00, 0x82, 0x08, 0x62, 0x08, 0x62, 0x08,
    0x62, 0x08, 0x62, 0x08, 0x82, 0x08, 0x62, 0x08, 0x01, 0x00, 0x01, 0x00, 0xC3, 0x08, 0xE7, 0x19,
    0xAC, 0x33, 0x11, 0x45, 0x92, 0x4D, 0x72, 0x4D, 0x72, 0x45, 0xB3, 0x4D, 0x59, 0x87, 0x5B, 0x9F,
    0x7C, 0xBF, 0x5D, 0xDF, 0xFF, 0xFF, 0xB3, 0x94, 0x00, 0x00, 0xA3, 0x08, 0x62, 0x08, 0x62, 0x08,
    0x62, 0x08, 0x62, 0x08, 0x62, 0x08, 0x62, 0x08, 0x62, 0x08, 0x62, 0x08, 0x62, 0x08, 0x62, 0x08,
    0x62, 0x08, 0x62, 0x08, 0x62, 0x08, 0x62, 0x08, 0x62, 0x08, 0x62, 0x08, 0x62, 0x08, 0x62, 0x08,
    0x62, 0x08, 0x62, 0x08, 0xA3, 0x08, 0x00, 0x00, 0xEC, 0x5A, 0xDF, 0xFF, 0x5D, 0xE7, 0x7C, 0xC7,
    0x5B, 0xA7, 0x7A, 0x8F, 0x14, 0x5E, 0x52, 0x45, 0x72, 0x4D, 0x92, 0x4D, 0x52, 0x45, 0x0D, 0x34,
    0x68, 0x22, 0xC3, 0x08, 0x01, 0x00, 0x00, 0x00, 0x62, 0x08, 0x82, 0x08, 0x62, 0x08, 0x62, 0x08,
    0x62, 0x08, 0x62, 0x08, 0x82, 0x08, 0x21, 0x00, 0xC7, 0x31, 0x9E, 0xEF, 0x7E, 0xE7, 0x5D, 0xE7,
    0xFF, 0xFF, 0x8E, 0x6B, 0x00, 0x00, 0x82, 0x08, 0x62, 0x08, 0x62, 0x08, 0x62, 0x08, 0x62, 0x08,
    0x62, 0x08, 0x62, 0x08, 0x62, 0x08, 0x62, 0x08, 0x62, 0x08, 0x62, 0x08, 0xA3, 0x10, 0xBB, 0xD6,
    0xBF, 0xEF, 0x5D, 0xE7, 0xDF, 0xF7, 0x55, 0xA5, 0x00, 0x00, 0x82, 0x08, 0x62, 0x08, 0x62, 0x08,
    0x82, 0x08, 0x62, 0x08, 0x01, 0x00, 0x41, 0x08, 0xC6, 0x19, 0x4E, 0x3C, 0xB6, 0x5E, 0x58, 0x5F,
    0xB9, 0x67, 0x99, 0x67, 0x99, 0x67, 0x99, 0x67, 0x99, 0x67, 0x99, 0x67, 0x37, 0x57, 0x37, 0x57,
    0x37, 0x5F, 0x38, 0x67, 0xBB, 0x9F, 0x2F, 0x54, 0x41, 0x00, 0x01, 0x00, 0x41, 0x08, 0x82, 0x08,
    0x62, 0x08, 0x62, 0x08, 0x62, 0x08, 0x62, 0x08, 0x62, 0x08, 0x62, 0x08, 0x62, 0x08, 0x62, 0x08,
    0x62, 0x08, 0x62, 0x08, 0x62, 0x08, 0x62, 0x08, 0x62, 0x08, 0x62, 0x08, 0x62, 0x08, 0x62, 0x08,
    0x82, 0x08, 0x62, 0x08, 0x01, 0x00, 0x00, 0x00, 0x69, 0x2A, 0x7B, 0xA7, 0x38, 0x6F, 0x37, 0x5F,
    0x37, 0x57, 0x37, 0x57, 0x78, 0x5F, 0x99, 0x67, 0x99, 0x67, 0x99, 0x67, 0x99, 0x67, 0xB9, 0x67,
    0x99, 0x67, 0xD6, 0x5E, 0xD0, 0x44, 0xC9, 0x22, 0x82, 0x08, 0x00, 0x00, 0x41, 0x08, 0x82, 0x08,
    0x62, 0x08, 0x62, 0x08, 0x82, 0x08, 0x00, 0x00, 0xAF, 0x6B, 0xFF, 0xFF, 0x5D, 0xE7, 0x7E, 0xE7,
    0x9E, 0xEF, 0xE8, 0x31, 0x21, 0x00, 0x82, 0x08, 0x62, 0x08, 0x62, 0x08, 0x62, 0x08, 0x62, 0x08,
    0x62, 0x08, 0x62, 0x08, 0x62, 0x08, 0x62, 0x08, 0x62, 0x08, 0x82, 0x08, 0x00, 0x00, 0x55, 0xA5,
    0xFF, 0xF7, 0x5D, 0xE7, 0x9E, 0xEF, 0x3D, 0xDF, 0x04, 0x19, 0x41, 0x00, 0x62, 0x08, 0x82, 0x08,
    0x41, 0x08, 0xA3, 0x08, 0xCA, 0x2A, 0x72, 0x4D, 0x96, 0x56, 0xDA, 0x67, 0x58, 0x5F, 0x17, 0x5F,
    0xF7, 0x5E, 0x17, 0x5F, 0x17, 0x5F, 0x17, 0x5F, 0x17, 0x5F, 0x38, 0x5F, 0x38, 0x67, 0x38, 0x67,
    0x38, 0x67, 0x38, 0x5F, 0x37, 0x57, 0x58, 0x5F, 0x55, 0x56, 0xED, 0x33, 0xC3, 0x08, 0x00, 0x00,
    0x62, 0x08, 0x82, 0x08, 0x62, 0x08, 0x62, 0x08, 0x62, 0x08, 0x62, 0x08, 0x62, 0x08, 0x62, 0x08,
    0x62, 0x08, 0x62, 0x08, 0x62, 0x08, 0x62, 0x08, 0x62, 0x08, 0x62, 0x08, 0x82, 0x08, 0x82, 0x08,
    0x01, 0x00, 0x62, 0x08, 0xEA, 0x2A, 0xF1, 0x44, 0xD0, 0x3C, 0x99, 0x67, 0x17, 0x5F, 0x38, 0x67,
    0x38, 0x67, 0x38, 0x67, 0x38, 0x5F, 0x17, 0x5F, 0x17, 0x5F, 0x17, 0x5F, 0x17, 0x5F, 0xF7, 0x5E,
    0x17, 0x5F, 0x58, 0x5F, 0xB9, 0x67, 0x99, 0x67, 0x55, 0x56, 0xED, 0x33, 0xC3, 0x08, 0x01, 0x00,
    0x82, 0x08, 0x62, 0x08, 0x62, 0x08, 0x41, 0x00, 0xF8, 0xB5, 0xDF, 0xF7, 0x5D, 0xE7, 0xBF, 0xEF,
    0xBB, 0xD6, 0xA3, 0x10, 0x62, 0x08, 0x62, 0x08, 0x62, 0x08, 0x62, 0x08, 0x62, 0x08, 0x62, 0x08,
    0x62, 0x08, 0x62, 0x08, 0x62, 0x08, 0x62, 0x08, 0x62, 0x08, 0x82, 0x08, 0x00, 0x00, 0x0C, 0x5B,
    0xFF, 0xF7, 0x5D, 0xE7, 0x5D, 0xE7, 0xFF, 0xF7, 0x0C, 0x5B, 0x00, 0x00, 0x82, 0x08, 0x41, 0x08,
    0x04, 0x11, 0x2E, 0x3C, 0x99, 0x67, 0x99, 0x67, 0x17, 0x5F, 0xF7, 0x5E, 0x38, 0x5F, 0x99, 0x67,
    0xB9, 0x67, 0x99, 0x67, 0x99, 0x67, 0x99, 0x67, 0x37, 0x5F, 0x37, 0x5F, 0x37, 0x5F, 0x37, 0x57,
    0x37, 0x57, 0x38, 0x5F, 0x38, 0x5F, 0x17, 0x5F, 0x78, 0x67, 0xB9, 0x67, 0xD6, 0x5E, 0x4B, 0x2B,
    0x62, 0x08, 0x00, 0x00, 0x62, 0x08, 0x82, 0x08, 0x82, 0x08, 0x62, 0x08, 0x62, 0x08, 0x62, 0x08,
    0x62, 0x08, 0x62, 0x08, 0x62, 0x08, 0x82, 0x08, 0x82, 0x08, 0x82, 0x08, 0x01, 0x00, 0x21, 0x00,
    0xE7, 0x19, 0x92, 0x4D, 0xB9, 0x67, 0x78, 0x67, 0xB6, 0x5E, 0x58, 0x5F, 0x38, 0x5F, 0x37, 0x57,
    0x37, 0x57, 0x37, 0x57, 0x37, 0x5F, 0x37, 0x57, 0x78, 0x5F, 0x99, 0x67, 0x99, 0x67, 0xB9, 0x67,
    0x99, 0x67, 0x58, 0x5F, 0x17, 0x5F, 0x17, 0x5F, 0x78, 0x67, 0x99, 0x67, 0x17, 0x5F, 0xEA, 0x2A,
    0x21, 0x00, 0x82, 0x08, 0x21, 0x00, 0x86, 0x29, 0x7E, 0xEF, 0x7E, 0xEF, 0x5D, 0xE7, 0xFF, 0xF7,
    0xD3, 0x94, 0x00, 0x00, 0x82, 0x08, 0x62, 0x08, 0x62, 0x08, 0x62, 0x08, 0x62, 0x08, 0x62, 0x08,
    0x62, 0x08, 0x62, 0x08, 0x62, 0x08, 0x62, 0x08, 0x62, 0x08, 0x62, 0x08, 0x41, 0x00, 0x04, 0x19,
    0x3D, 0xDF, 0x9E, 0xEF, 0x5D, 0xE7, 0xDF, 0xF7, 0x55, 0xA5, 0x00, 0x00, 0x82, 0x08, 0x21, 0x00,
    0xAC, 0x33, 0xF4, 0x4D, 0x75, 0x56, 0x37, 0x5F, 0x58, 0x5F, 0xB9, 0x67, 0x17, 0x5F, 0xB3, 0x4D,
    0xED, 0x33, 0x89, 0x22, 0x07, 0x1A, 0x69, 0x2A, 0x1B, 0xBF, 0x7D, 0xCF, 0x5C, 0xC7, 0x5B, 0xA7,
    0x5A, 0x8F, 0x58, 0x6F, 0x99, 0x67, 0x79, 0x67, 0x17, 0x5F, 0x17, 0x5F, 0x58, 0x67, 0xB9, 0x67,
    0x34, 0x56, 0xEA, 0x2A, 0x62, 0x08, 0x00, 0x00, 0x21, 0x00, 0x42, 0x08, 0x41, 0x08, 0x62, 0x08,
    0x62, 0x08, 0x41, 0x08, 0x41, 0x08, 0x01, 0x00, 0x00, 0x00, 0x21, 0x00, 0x27, 0x1A, 0x72, 0x4D,
    0x79, 0x67, 0x78, 0x67, 0x17, 0x5F, 0x17, 0x5F, 0x99, 0x67, 0xB6, 0x56, 0x38, 0x67, 0x59, 0x7F,
    0x5B, 0xA7, 0x5C, 0xBF, 0x5C, 0xC7, 0xBD, 0xCF, 0x6D, 0x4B, 0xE6, 0x19, 0x68, 0x22, 0xAC, 0x33,
    0x31, 0x45, 0xD6, 0x5E, 0x99, 0x67, 0x79, 0x67, 0xF7, 0x5E, 0x38, 0x5F, 0x17, 0x5F, 0x27, 0x1A,
    0x21, 0x00, 0xA3, 0x08, 0x00, 0x00, 0xAE, 0x6B, 0xFF, 0xFF, 0x5D, 0xE7, 0x5D, 0xE7, 0xDF, 0xF7,
    0x8A, 0x4A, 0x00, 0x00, 0x82, 0x08, 0x62, 0x08, 0x62, 0x08, 0x62, 0x08, 0x62, 0x08, 0x62, 0x08,
    0x62, 0x08, 0x62, 0x08, 0x62, 0x08, 0x62, 0x08, 0x62, 0x08, 0x62, 0x08, 0x82, 0x08, 0x00, 0x00,
    0x76, 0xA5, 0xDF, 0xF7, 0x5D, 0xE7, 0x7E, 0xEF, 0x5D, 0xE7, 0x66, 0x21, 0x21, 0x00, 0x82, 0x08,
    0xE3, 0x10, 0x65, 0x11, 0xB6, 0x56, 0xFA, 0x67, 0xB6, 0x5E, 0xCD, 0x33, 0x04, 0x11, 0x41, 0x08,
    0x00, 0x00, 0x21, 0x08, 0x00, 0x00, 0xAB, 0x5A, 0xDF, 0xFF, 0x7E, 0xEF, 0x7E, 0xEF, 0x5E, 0xEF,
    0xDF, 0xFF, 0x10, 0x74, 0x88, 0x1A, 0x55, 0x56, 0xB9, 0x67, 0x58, 0x67, 0x17, 0x5F, 0x17, 0x5F,
    0x78, 0x67, 0xB9, 0x67, 0x14, 0x56, 0xCD, 0x33, 0x27, 0x1A, 0xC3, 0x08, 0xE3, 0x10, 0xC3, 0x08,
    0xC3, 0x08, 0xE3, 0x10, 0xE4, 0x10, 0x07, 0x1A, 0x6C, 0x2B, 0xB3, 0x4D, 0x79, 0x67, 0x99, 0x67,
    0x17, 0x5F, 0x17, 0x5F, 0x38, 0x5F, 0xB9, 0x67, 0xF7, 0x5E, 0x88, 0x1A, 0xAA, 0x42, 0xBF, 0xF7,
    0x7E, 0xF7, 0x7E, 0xF7, 0x5E, 0xEF, 0xFF, 0xFF, 0x72, 0x94, 0x00, 0x00, 0x21, 0x08, 0x00, 0x00,
    0x21, 0x00, 0xC3, 0x08, 0xEA, 0x2A, 0x34, 0x56, 0xB9, 0x67, 0x38, 0x5F, 0xA6, 0x19, 0x00, 0x00,
    0x82, 0x08, 0x62, 0x08, 0x62, 0x08, 0x39, 0xC6, 0xBF, 0xF7, 0x5D, 0xE7, 0x9E, 0xEF, 0xDB, 0xD6,
    0xC3, 0x10, 0x41, 0x00, 0x62, 0x08, 0x62, 0x08, 0x62, 0x08, 0x62, 0x08, 0x62, 0x08, 0x62, 0x08,
    0x62, 0x08, 0x62, 0x08, 0x62, 0x08, 0x62, 0x08, 0x62, 0x08, 0x62, 0x08, 0x82, 0x08, 0x00, 0x00,
    0xEC, 0x5A, 0xDF, 0xF7, 0x5D, 0xE7, 0x5D, 0xE7, 0xFF, 0xFF, 0xF0, 0x7B, 0x00, 0x00, 0x82, 0x08,
    0x42, 0x08, 0x00, 0x00, 0x0D, 0x34, 0x4E, 0x3C, 0xC3, 0x08, 0x00, 0x00, 0x41, 0x08, 0x62, 0x08,
    0x82, 0x08, 0x82, 0x08, 0x21, 0x00, 0xF8, 0xB5, 0xDF, 0xF7, 0x5D, 0xE7, 0x7E, 0xE7, 0x9E, 0xEF,
    0x3D, 0xE7, 0x04, 0x19, 0x00, 0x00, 0x62, 0x08, 0x4B, 0x2B, 0xD6, 0x5E, 0xB9, 0x67, 0x58, 0x67,
    0x17, 0x5F, 0x17, 0x5F, 0x78, 0x67, 0xDA, 0x67, 0x38, 0x5F, 0x55, 0x56, 0x38, 0x5F, 0xD0, 0x44,
    0xF0, 0x44, 0x38, 0x5F, 0xD6, 0x5E, 0x78, 0x67, 0xB9, 0x67, 0x99, 0x67, 0x17, 0x5F, 0x17, 0x5F,
    0x58, 0x5F, 0xB9, 0x67, 0x58, 0x5F, 0x4E, 0x3C, 0xC3, 0x08, 0x21, 0x00, 0x00, 0x00, 0x18, 0xBE,
    0xDF, 0xF7, 0x5D, 0xE7, 0x7E, 0xE7, 0x9E, 0xEF, 0x3D, 0xDF, 0x04, 0x19, 0x41, 0x00, 0x82, 0x08,
    0x82, 0x08, 0x42, 0x08, 0x00, 0x00, 0x41, 0x08, 0x8C, 0x33, 0xED, 0x33, 0x00, 0x00, 0x82, 0x08,
    0x82, 0x08, 0x00, 0x00, 0x49, 0x42, 0xBF, 0xF7, 0x7E, 0xE7, 0x5D, 0xE7, 0xFF, 0xF7, 0xB3, 0x94,
    0x00, 0x00, 0x82, 0x08, 0x62, 0x08, 0x62, 0x08, 0x62, 0x08, 0x62, 0x08, 0x62, 0x08, 0x62, 0x08,
    0x62, 0x08, 0x62, 0x08, 0x62, 0x08, 0x62, 0x08, 0x62, 0x08, 0x62, 0x08, 0x62, 0x08, 0x42, 0x00,
    0xA3, 0x10, 0xDB, 0xD6, 0x9E, 0xEF, 0x5D, 0xE7, 0x9E, 0xEF, 0xFC, 0xDE, 0xE4, 0x18, 0x41, 0x00,
    0x82, 0x08, 0x82, 0x08, 0x21, 0x00, 0x00, 0x00, 0x41, 0x08, 0x82, 0x08, 0x62, 0x08, 0x62, 0x08,
    0x82, 0x08, 0x00, 0x00, 0x8A, 0x4A, 0xFF, 0xFF, 0x9E, 0xEF, 0x5D, 0xE7, 0x5D, 0xE7, 0xFF, 0xF7,
    0xD3, 0x94, 0x00, 0x00, 0xA3, 0x08, 0x62, 0x08, 0x00, 0x00, 0xE3, 0x08, 0xCD, 0x33, 0xD6, 0x5E,
    0xB9, 0x67, 0x58, 0x5F, 0x17, 0x5F, 0x17, 0x5F, 0xF7, 0x5E, 0x17, 0x5F, 0x79, 0x67, 0x96, 0x56,
    0xD7, 0x5E, 0x78, 0x67, 0x58, 0x5F, 0x17, 0x5F, 0xF7, 0x5E, 0x17, 0x5F, 0x78, 0x67, 0xB9, 0x67,
    0xF7, 0x5E, 0xB0, 0x3C, 0x65, 0x11, 0x00, 0x00, 0x41, 0x08, 0xA3, 0x08, 0x00, 0x00, 0x0C, 0x5B,
    0xDF, 0xF7, 0x5D, 0xE7, 0x5D, 0xE7, 0x7E, 0xE7, 0xFF, 0xFF, 0x51, 0x84, 0x00, 0x00, 0x82, 0x08,
    0x62, 0x08, 0x62, 0x08, 0x82, 0x08, 0x62, 0x08, 0x00, 0x00, 0x21, 0x00, 0x82, 0x08, 0x62, 0x08,
    0x82, 0x08, 0x21, 0x00, 0xB7, 0xAD, 0xDF, 0xF7, 0x5D, 0xE7, 0x7E, 0xE7, 0xBF, 0xF7, 0xE8, 0x39,
    0x20, 0x00, 0x82, 0x08, 0x62, 0x08, 0x62, 0x08, 0x62, 0x08, 0x62, 0x08, 0x62, 0x08, 0x62, 0x08,
    0x62, 0x08, 0x62, 0x08, 0x62, 0x08, 0x62, 0x08, 0x62, 0x08, 0x62, 0x08, 0x62, 0x08, 0x82, 0x08,
    0x00, 0x00, 0xF0, 0x7B, 0xFF, 0xFF, 0x5D, 0xE7, 0x5D, 0xE7, 0xFF, 0xFF, 0xF0, 0x7B, 0x00, 0x00,
    0x82, 0x08, 0x62, 0x08, 0x82, 0x08, 0x82, 0x08, 0x62, 0x08, 0x62, 0x08, 0x62, 0x08, 0x62, 0x08,
    0x62, 0x08, 0x41, 0x00, 0x86, 0x29, 0x51, 0x84, 0xDB, 0xD6, 0xDF, 0xF7, 0xBF, 0xF7, 0xBF, 0xF7,
    0xE8, 0x39, 0x00, 0x00, 0x82, 0x08, 0x62, 0x08, 0x82, 0x08, 0x41, 0x08, 0x00, 0x00, 0xE3, 0x08,
    0x2B, 0x2B, 0x31, 0x45, 0x78, 0x67, 0xB9, 0x67, 0x99, 0x67, 0x38, 0x5F, 0x58, 0x5F, 0x38, 0x5F,
    0x17, 0x5F, 0x58, 0x67, 0x58, 0x5F, 0x99, 0x67, 0xB9, 0x67, 0x99, 0x67, 0x55, 0x56, 0xCD, 0x33,
    0x04, 0x11, 0x01, 0x00, 0x21, 0x00, 0x82, 0x08, 0x62, 0x08, 0x62, 0x08, 0x42, 0x00, 0xA3, 0x10,
    0xDB, 0xD6, 0xDF, 0xF7, 0xFF, 0xF7, 0x3D, 0xE7, 0x14, 0x9D, 0x49, 0x42, 0x41, 0x00, 0x62, 0x08,
    0x62, 0x08, 0x62, 0x08, 0x62, 0x08, 0x62, 0x08, 0x82, 0x08, 0x82, 0x08, 0x62, 0x08, 0x82, 0x08,
    0x00, 0x00, 0x29, 0x42, 0xDF, 0xF7, 0x7E, 0xE7, 0x5D, 0xE7, 0xDF, 0xF7, 0xB7, 0xAD, 0x21, 0x00,
    0x82, 0x08, 0x62, 0x08, 0x62, 0x08, 0x62, 0x08, 0x62, 0x08, 0x62, 0x08, 0x62, 0x08, 0x62, 0x08,
    0x62, 0x08, 0x62, 0x08, 0x62, 0x08, 0x62, 0x08, 0x62, 0x08, 0x62, 0x08, 0x62, 0x08, 0x62, 0x08,
    0x41, 0x00, 0xE4, 0x18, 0xFC, 0xDE, 0x9E, 0xEF, 0x7E, 0xE7, 0x9E, 0xEF, 0x1C, 0xDF, 0x04, 0x19,
    0x41, 0x00, 0x62, 0x08, 0x62, 0x08, 0x62, 0x08, 0x62, 0x08, 0x62, 0x08, 0x62, 0x08, 0x62, 0x08,
    0x62, 0x08, 0x62, 0x08, 0x21, 0x00, 0x00, 0x00, 0xA3, 0x10, 0x0C, 0x5B, 0x59, 0xC6, 0x96, 0xAD,
    0x41, 0x00, 0x62, 0x08, 0x62, 0x08, 0x62, 0x08, 0x62, 0x08, 0x62, 0x08, 0x82, 0x08, 0x41, 0x08,
    0x00, 0x00, 0x62, 0x08, 0x28, 0x22, 0xED, 0x33, 0xD0, 0x44, 0x92, 0x4D, 0x58, 0x67, 0x11, 0x45,
    0xF0, 0x44, 0x38, 0x5F, 0x96, 0x56, 0x93, 0x4D, 0x4E, 0x3C, 0x68, 0x22, 0x82, 0x08, 0x00, 0x00,
    0x41, 0x08, 0x82, 0x08, 0x82, 0x08, 0x62, 0x08, 0x62, 0x08, 0x62, 0x08, 0x82, 0x08, 0x00, 0x00,
    0xF0, 0x7B, 0xDB, 0xD6, 0xCF, 0x73, 0x04, 0x19, 0x00, 0x00, 0x00, 0x00, 0x62, 0x08, 0x62, 0x08,
    0x62, 0x08, 0x62, 0x08, 0x62, 0x08, 0x62, 0x08, 0x62, 0x08, 0x62, 0x08, 0x62, 0x08, 0x82, 0x08,
    0x21, 0x00, 0xB7, 0xB5, 0xDF, 0xF7, 0x5D, 0xE7, 0x7E, 0xE7, 0xDF, 0xF7, 0x29, 0x42, 0x00, 0x00,
    0x82, 0x08, 0x62, 0x08, 0x62, 0x08, 0x62, 0x08, 0x62, 0x08, 0x62, 0x08, 0x62, 0x08, 0x62, 0x08,
    0x62, 0x08, 0x62, 0x08, 0x62, 0x08, 0x62, 0x08, 0x62, 0x08, 0x62, 0x08, 0x62, 0x08, 0x62, 0x08,
    0x82, 0x08, 0x00, 0x00, 0xF0, 0x7B, 0xFF, 0xFF, 0x5D, 0xE7, 0x5D, 0xE7, 0xFF, 0xFF, 0xD3, 0x94,
    0x00, 0x00, 0x82, 0x08, 0x62, 0x08, 0x62, 0x08, 0x62, 0x08, 0x62, 0x08, 0x62, 0x08, 0x62, 0x08,
    0x62, 0x08, 0x62, 0x08, 0x62, 0x08, 0x82, 0x08, 0x62, 0x08, 0x00, 0x00, 0x62, 0x08, 0xE4, 0x18,
    0x41, 0x08, 0x62, 0x08, 0x62, 0x08, 0x62, 0x08, 0x62, 0x08, 0x62, 0x08, 0x62, 0x08, 0x62, 0x08,
    0x82, 0x08, 0x62, 0x08, 0x01, 0x00, 0x00, 0x00, 0x01, 0x00, 0xA3, 0x08, 0xE3, 0x10, 0xA3, 0x08,
    0xA3, 0x08, 0xE3, 0x10, 0xC3, 0x08, 0x21, 0x00, 0x00, 0x00, 0x01, 0x00, 0x62, 0x08, 0x82, 0x08,
    0x62, 0x08, 0x62, 0x08, 0x62, 0x08, 0x62, 0x08, 0x62, 0x08, 0x62, 0x08, 0x62, 0x08, 0x62, 0x08,
    0xA3, 0x10, 0xA3, 0x10, 0x00, 0x00, 0x41, 0x00, 0x82, 0x08, 0x82, 0x08, 0x62, 0x08, 0x62, 0x08,
    0x62, 0x08, 0x62, 0x08, 0x62, 0x08, 0x62, 0x08, 0x62, 0x08, 0x62, 0x08, 0x82, 0x08, 0x00, 0x00,
    0x0C, 0x5B, 0xFF, 0xFF, 0x5D, 0xE7, 0x5D, 0xE7, 0xDF, 0xF7, 0xB7, 0xAD, 0x21, 0x00, 0x82, 0x08,
    0x62, 0x08, 0x62, 0x08, 0x62, 0x08, 0x62, 0x08, 0x62, 0x08, 0x62, 0x08, 0x62, 0x08, 0x62, 0x08,
    0x62, 0x08, 0x62, 0x08, 0x62, 0x08, 0x62, 0x08, 0x62, 0x08, 0x62, 0x08, 0x62, 0x08, 0x62, 0x08,
    0x62, 0x08, 0x41, 0x00, 0xE4, 0x18, 0x1C, 0xDF, 0x9E, 0xEF, 0x7E, 0xE7, 0x7E, 0xE7, 0xBF, 0xF7,
    0x49, 0x42, 0x00, 0x00, 0x82, 0x08, 0x62, 0x08, 0x62, 0x08, 0x62, 0x08, 0x62, 0x08, 0x62, 0x08,
    0x62, 0x08, 0x62, 0x08, 0x62, 0x08, 0x62, 0x08, 0x62, 0x08, 0x82, 0x08, 0x62, 0x08, 0x41, 0x00,
    0x62, 0x08, 0x62, 0x08, 0x62, 0x08, 0x62, 0x08, 0x62, 0x08, 0x62, 0x08, 0x62, 0x08, 0x62, 0x08,
    0x62, 0x08, 0x62, 0x08, 0x82, 0x08, 0x82, 0x08, 0x82, 0x08, 0x62, 0x08, 0x41, 0x08, 0x62, 0x08,
    0x62, 0x08, 0x41, 0x08, 0x41, 0x08, 0x82, 0x08, 0x82, 0x08, 0x82, 0x08, 0x62, 0x08, 0x62, 0x08,
    0x62, 0x08, 0x62, 0x08, 0x62, 0x08, 0x62, 0x08, 0x62, 0x08, 0x62, 0x08, 0x62, 0x08, 0x62, 0x08,
    0x62, 0x08, 0x62, 0x08, 0x82, 0x08, 0x62, 0x08, 0x62, 0x08, 0x62, 0x08, 0x62, 0x08, 0x62, 0x08,
    0x62, 0x08, 0x62, 0x08, 0x62, 0x08, 0x62, 0x08, 0x62, 0x08, 0x82, 0x08, 0x41, 0x00, 0xE4, 0x18,
    0xFC, 0xD6, 0x9E, 0xEF, 0x7E, 0xE7, 0x5E, 0xE7, 0xDF, 0xF7, 0x49, 0x42, 0x00, 0x00, 0x82, 0x08,
    0x62, 0x08, 0x62, 0x08, 0x62, 0x08, 0x62, 0x08, 0x62, 0x08, 0x62, 0x08, 0x62, 0x08, 0x62, 0x08,
    0x62, 0x08, 0x62, 0x08, 0x62, 0x08, 0x62, 0x08, 0x62, 0x08, 0x62, 0x08, 0x62, 0x08, 0x62, 0x08,
    0x62, 0x08, 0x82, 0x08, 0x00, 0x00, 0x6E, 0x6B, 0xFF, 0xFF, 0x5D, 0xE7, 0x7E, 0xE7, 0xBF, 0xF7,
    0x9A, 0xCE, 0x82, 0x08, 0x62, 0x08, 0x62, 0x08, 0x62, 0x08, 0x62, 0x08, 0x62, 0x08, 0x62, 0x08,
    0x62, 0x08, 0x62, 0x08, 0x62, 0x08, 0x62, 0x08, 0x62, 0x08, 0x62, 0x08, 0x62, 0x08, 0x62, 0x08,
    0x62, 0x08, 0x62, 0x08, 0x62, 0x08, 0x62, 0x08, 0x62, 0x08, 0x62, 0x08, 0x62, 0x08, 0x62, 0x08,
    0x62, 0x08, 0x62, 0x08, 0x62, 0x08, 0x62, 0x08, 0x62, 0x08, 0x62, 0x08, 0x62, 0x08, 0x62, 0x08,
    0x62, 0x08, 0x62, 0x08, 0x62, 0x08, 0x62, 0x08, 0x62, 0x08, 0x62, 0x08, 0x62, 0x08, 0x62, 0x08,
    0x62, 0x08, 0x62, 0x08, 0x62, 0x08, 0x62, 0x08, 0x62, 0x08, 0x62, 0x08, 0x62, 0x08, 0x62, 0x08,
    0x62, 0x08, 0x62, 0x08, 0x62, 0x08, 0x62, 0x08, 0x62, 0x08, 0x62, 0x08, 0x62, 0x08, 0x62, 0x08,
    0x62, 0x08, 0x62, 0x08, 0x62, 0x08, 0x62, 0x08, 0x62, 0x08, 0x82, 0x08, 0x00, 0x00, 0x14, 0x9D,
    0xFF, 0xFF, 0x5D, 0xE7, 0x5D, 0xE7, 0xFF, 0xF7, 0x35, 0x9D, 0x20, 0x00, 0x82, 0x08, 0x62, 0x08,
    0x62, 0x08, 0x62, 0x08, 0x62, 0x08, 0x62, 0x08, 0x62, 0x08, 0x62, 0x08, 0x62, 0x08, 0x62, 0x08,
    0x62, 0x08, 0x62, 0x08, 0x62, 0x08, 0x62, 0x08, 0x62, 0x08, 0x62, 0x08, 0x62, 0x08, 0x62, 0x08,
    0x62, 0x08, 0x62, 0x08, 0x62, 0x08, 0x41, 0x08, 0x18, 0xBE, 0xDF, 0xF7, 0x5D, 0xE7, 0x5D, 0xE7,
    0xFF, 0xF7, 0xD3, 0x94, 0x00, 0x00, 0x82, 0x08, 0x62, 0x08, 0x62, 0x08, 0x62, 0x08, 0x62, 0x08,
    0x62, 0x08, 0x62, 0x08, 0x62, 0x08, 0x62, 0x08, 0x62, 0x08, 0x62, 0x08, 0x62, 0x08, 0x62, 0x08,
    0x62, 0x08, 0x62, 0x08, 0x62, 0x08, 0x62, 0x08, 0x62, 0x08, 0x62, 0x08, 0x62, 0x08, 0x62, 0x08,
    0x62, 0x08, 0x62, 0x08, 0x62, 0x08, 0x62, 0x08, 0x62, 0x08, 0x62, 0x08, 0x62, 0x08, 0x62, 0x08,
    0x62, 0x08, 0x62, 0x08, 0x62, 0x08, 0x62, 0x08, 0x62, 0x08, 0x62, 0x08, 0x62, 0x08, 0x62, 0x08,
    0x62, 0x08, 0x62, 0x08, 0x62, 0x08, 0x62, 0x08, 0x62, 0x08, 0x62, 0x08, 0x62, 0x08, 0x62, 0x08,
    0x62, 0x08, 0x62, 0x08, 0x62, 0x08, 0x62, 0x08, 0x62, 0x08, 0x62, 0x08, 0x62, 0x08, 0x62, 0x08,
    0x62, 0x08, 0x62, 0x08, 0x62, 0x08, 0x62, 0x08, 0x82, 0x08, 0x00, 0x00, 0x0C, 0x5B, 0xDF, 0xF7,
    0x5D, 0xE7, 0x7E, 0xE7, 0x9E, 0xEF, 0x5D, 0xE7, 0x45, 0x21, 0x21, 0x00, 0x82, 0x08, 0x62, 0x08,
    0x62, 0x08, 0x62, 0x08, 0x62, 0x08, 0x62, 0x08, 0x62, 0x08, 0x62, 0x08, 0x62, 0x08, 0x62, 0x08,
    0x62, 0x08, 0x62, 0x08, 0x62, 0x08, 0x62, 0x08, 0x62, 0x08, 0x62, 0x08, 0x62, 0x08, 0x62, 0x08,
    0x62, 0x08, 0x62, 0x08, 0x82, 0x08, 0x21, 0x00, 0xC7, 0x31, 0x9E, 0xEF, 0x7E, 0xEF, 0x7E, 0xE7,
    0x5D, 0xE7, 0xFF, 0xF7, 0x0C, 0x5B, 0x00, 0x00, 0x82, 0x08, 0x62, 0x08, 0x62, 0x08, 0x62, 0x08,
    0x62, 0x08, 0x62, 0x08, 0x62, 0x08, 0x62, 0x08, 0x62, 0x08, 0x62, 0x08, 0x62, 0x08, 0x62, 0x08,
    0x62, 0x08, 0x62, 0x08, 0x62, 0x08, 0x62, 0x08, 0x62, 0x08, 0x62, 0x08, 0x62, 0x08, 0x62, 0x08,
    0x62, 0x08, 0x62, 0x08, 0x62, 0x08, 0x62, 0x08, 0x62, 0x08, 0x62, 0x08, 0x62, 0x08, 0x62, 0x08,
    0x62, 0x08, 0x62, 0x08, 0x62, 0x08, 0x62, 0x08, 0x62, 0x08, 0x62, 0x08, 0x62, 0x08, 0x62, 0x08,
    0x62, 0x08, 0x62, 0x08, 0x62, 0x08, 0x62, 0x08, 0x62, 0x08, 0x62, 0x08, 0x62, 0x08, 0x62, 0x08,
    0x62, 0x08, 0x62, 0x08, 0x62, 0x08, 0x62, 0x08, 0x62, 0x08, 0x62, 0x08, 0x62, 0x08, 0x62, 0x08,
    0x62, 0x08, 0x62, 0x08, 0x62, 0x08, 0x82, 0x08, 0x00, 0x00, 0x86, 0x29, 0x7D, 0xE7, 0x9E, 0xEF,
    0x7E, 0xE7, 0x5D, 0xE7, 0xFF, 0xFF, 0x4E, 0x63, 0x00, 0x00, 0x82, 0x08, 0x62, 0x08, 0x62, 0x08,
    0x62, 0x08, 0x62, 0x08, 0x62, 0x08, 0x62, 0x08, 0x62, 0x08, 0x62, 0x08, 0x62, 0x08, 0x62, 0x08,
    0x62, 0x08, 0x62, 0x08, 0x62, 0x08, 0x62, 0x08, 0x62, 0x08, 0x62, 0x08, 0x62, 0x08, 0x62, 0x08,
    0x62, 0x08, 0x62, 0x08, 0x62, 0x08, 0x82, 0x08, 0x00, 0x00, 0xF0, 0x7B, 0xFF, 0xFF, 0x5D, 0xE7,
    0x7E, 0xE7, 0x9E, 0xEF, 0x7D, 0xE7, 0xC7, 0x31, 0x00, 0x00, 0x82, 0x08, 0x62, 0x08, 0x62, 0x08,
    0x62, 0x08, 0x62, 0x08, 0x62, 0x08, 0x62, 0x08, 0x62, 0x08, 0x62, 0x08, 0x62, 0x08, 0x62, 0x08,
    0x62, 0x08, 0x62, 0x08, 0x62, 0x08, 0x62, 0x08, 0x62, 0x08, 0x62, 0x08, 0x62, 0x08, 0x62, 0x08,
    0x62, 0x08, 0x62, 0x08, 0x62, 0x08, 0x62, 0x08, 0x62, 0x08, 0x62, 0x08, 0x62, 0x08, 0x62, 0x08,
    0x62, 0x08, 0x62, 0x08, 0x62, 0x08, 0x62, 0x08, 0x62, 0x08, 0x62, 0x08, 0x62, 0x08, 0x62, 0x08,
    0x62, 0x08, 0x62, 0x08, 0x62, 0x08, 0x62, 0x08, 0x62, 0x08, 0x62, 0x08, 0x62, 0x08, 0x62, 0x08,
    0x62, 0x08, 0x62, 0x08, 0x62, 0x08, 0x62, 0x08, 0x62, 0x08, 0x62, 0x08, 0x62, 0x08, 0x62, 0x08,
    0x62, 0x08, 0x62, 0x08, 0x82, 0x08, 0x41, 0x00, 0xA3, 0x10, 0x59, 0xC6, 0xDF, 0xF7, 0x5D, 0xE7,
    0x5D, 0xE7, 0xFF, 0xF7, 0x96, 0xAD, 0x21, 0x00, 0x82, 0x08, 0x62, 0x08, 0x62, 0x08, 0x62, 0x08,
    0x62, 0x08, 0x62, 0x08, 0x62, 0x08, 0x62, 0x08, 0x62, 0x08, 0x62, 0x08, 0x62, 0x08, 0x62, 0x08,
    0x62, 0x08, 0x62, 0x08, 0x62, 0x08, 0x62, 0x08, 0x62, 0x08, 0x62, 0x08, 0x62, 0x08, 0x62, 0x08,
    0x62, 0x08, 0x62, 0x08, 0x62, 0x08, 0x62, 0x08, 0x62, 0x08, 0x21, 0x00, 0x96, 0xAD, 0xDF, 0xF7,
    0x5D, 0xE7, 0x7E, 0xE7, 0x9E, 0xEF, 0x3D, 0xE7, 0xA7, 0x31, 0x21, 0x00, 0x82, 0x08, 0x62, 0x08,
    0x62, 0x08, 0x62, 0x08, 0x62, 0x08, 0x62, 0x08, 0x62, 0x08, 0x62, 0x08, 0x62, 0x08, 0x62, 0x08,
    0x62, 0x08, 0x62, 0x08, 0x62, 0x08, 0x62, 0x08, 0x62, 0x08, 0x62, 0x08, 0x62, 0x08, 0x62, 0x08,
    0x62, 0x08, 0x62, 0x08, 0x62, 0x08, 0x62, 0x08, 0x62, 0x08, 0x62, 0x08, 0x62, 0x08, 0x62, 0x08,
    0x62, 0x08, 0x62, 0x08, 0x62, 0x08, 0x62, 0x08, 0x62, 0x08, 0x62, 0x08, 0x62, 0x08, 0x62, 0x08,
    0x62, 0x08, 0x62, 0x08, 0x62, 0x08, 0x62, 0x08, 0x62, 0x08, 0x62, 0x08, 0x62, 0x08, 0x62, 0x08,
    0x62, 0x08, 0x62, 0x08, 0x62, 0x08, 0x62, 0x08, 0x62, 0x08, 0x62, 0x08, 0x62, 0x08, 0x62, 0x08,
    0x62, 0x08, 0x82, 0x08, 0x61, 0x08, 0xA3, 0x10, 0x39, 0xBE, 0xDF, 0xF7, 0x5D, 0xE7, 0x7E, 0xE7,
    0x9E, 0xEF, 0xFC, 0xDE, 0xE4, 0x18, 0x41, 0x00, 0x82, 0x08, 0x62, 0x08, 0x62, 0x08, 0x62, 0x08,
    0x62, 0x08, 0x62, 0x08, 0x62, 0x08, 0x62, 0x08, 0x62, 0x08, 0x62, 0x08, 0x62, 0x08, 0x62, 0x08,
    0x62, 0x08, 0x62, 0x08, 0x62, 0x08, 0x62, 0x08, 0x62, 0x08, 0x62, 0x08, 0x62, 0x08, 0x62, 0x08,
    0x62, 0x08, 0x62, 0x08, 0x62, 0x08, 0x62, 0x08, 0x82, 0x08, 0x41, 0x00, 0xE4, 0x18, 0xFC, 0xDE,
    0xBF, 0xEF, 0x7E, 0xE7, 0x5D, 0xE7, 0xDF, 0xF7, 0xBB, 0xD6, 0xA3, 0x10, 0x00, 0x00, 0x82, 0x08,
    0x62, 0x08, 0x62, 0x08, 0x62, 0x08, 0x62, 0x08, 0x62, 0x08, 0x62, 0x08, 0x62, 0x08, 0x62, 0x08,
    0x62, 0x08, 0x62, 0x08, 0x62, 0x08, 0x62, 0x08, 0x62, 0x08, 0x62, 0x08, 0x62, 0x08, 0x62, 0x08,
    0x62, 0x08, 0x62, 0x08, 0x62, 0x08, 0x62, 0x08, 0x62, 0x08, 0x62, 0x08, 0x62, 0x08, 0x62, 0x08,
    0x62, 0x08, 0x62, 0x08, 0x62, 0x08, 0x62, 0x08, 0x62, 0x08, 0x62, 0x08, 0x62, 0x08, 0x62, 0x08,
    0x62, 0x08, 0x62, 0x08, 0x62, 0x08, 0x62, 0x08, 0x62, 0x08, 0x62, 0x08, 0x62, 0x08, 0x62, 0x08,
    0x62, 0x08, 0x62, 0x08, 0x62, 0x08, 0x62, 0x08, 0x62, 0x08, 0x62, 0x08, 0x62, 0x08, 0x62, 0x08,
    0x82, 0x08, 0x41, 0x08, 0x00, 0x00, 0x55, 0xA5, 0xFF, 0xFF, 0x5D, 0xE7, 0x7E, 0xEF, 0x7E, 0xE7,
    0xDF, 0xF7, 0x49, 0x42, 0x00, 0x00, 0x82, 0x08, 0x62, 0x08, 0x62, 0x08, 0x62, 0x08, 0x62, 0x08,
    0x62, 0x08, 0x62, 0x08, 0x62, 0x08, 0x62, 0x08, 0x62, 0x08, 0x62, 0x08, 0x62, 0x08, 0x62, 0x08,
    0x62, 0x08, 0x62, 0x08, 0x62, 0x08, 0x62, 0x08, 0x62, 0x08, 0x62, 0x08, 0x62, 0x08, 0x62, 0x08,
    0x62, 0x08, 0x62, 0x08, 0x62, 0x08, 0x62, 0x08, 0x62, 0x08, 0x82, 0x08, 0x21, 0x00, 0xC7, 0x31,
    0x7E, 0xE7, 0x9E, 0xEF, 0x7E, 0xE7, 0x5D, 0xE7, 0xBF, 0xF7, 0x59, 0xC6, 0x86, 0x29, 0x00, 0x00,
    0x82, 0x08, 0x62, 0x08, 0x62, 0x08, 0x62, 0x08, 0x62, 0x08, 0x62, 0x08, 0x62, 0x08, 0x62, 0x08,
    0x62, 0x08, 0x62, 0x08, 0x62, 0x08, 0x62, 0x08, 0x62, 0x08, 0x62, 0x08, 0x62, 0x08, 0x62, 0x08,
    0x62, 0x08, 0x62, 0x08, 0x62, 0x08, 0x62, 0x08, 0x62, 0x08, 0x62, 0x08, 0x62, 0x08, 0x62, 0x08,
    0x62, 0x08, 0x62, 0x08, 0x62, 0x08, 0x62, 0x08, 0x62, 0x08, 0x62, 0x08, 0x62, 0x08, 0x62, 0x08,
    0x62, 0x08, 0x62, 0x08, 0x62, 0x08, 0x62, 0x08, 0x62, 0x08, 0x62, 0x08, 0x62, 0x08, 0x62, 0x08,
    0x62, 0x08, 0x62, 0x08, 0x62, 0x08, 0x62, 0x08, 0x62, 0x08, 0x62, 0x08, 0x62, 0x08, 0x82, 0x08,
    0x41, 0x00, 0xA3, 0x10, 0x35, 0xA5, 0xDF, 0xF7, 0x5D, 0xE7, 0x7E, 0xEF, 0x5D, 0xE7, 0xFF, 0xF7,
    0x4D, 0x63, 0x00, 0x00, 0x82, 0x08, 0x62, 0x08, 0x62, 0x08, 0x62, 0x08, 0x62, 0x08, 0x62, 0x08,
    0x62, 0x08, 0x62, 0x08, 0x62, 0x08, 0x62, 0x08, 0x62, 0x08, 0x62, 0x08, 0x62, 0x08, 0x62, 0x08,
    0x62, 0x08, 0x62, 0x08, 0x62, 0x08, 0x62, 0x08, 0x62, 0x08, 0x62, 0x08, 0x62, 0x08, 0x62, 0x08,
    0x62, 0x08, 0x62, 0x08, 0x62, 0x08, 0x62, 0x08, 0x62, 0x08, 0x62, 0x08, 0x82, 0x08, 0x00, 0x00,
    0xEC, 0x5A, 0xDF, 0xF7, 0x7E, 0xE7, 0x7E, 0xE7, 0x5D, 0xE7, 0xDF, 0xF7, 0x3D, 0xE7, 0xC7, 0x31,
    0x00, 0x00, 0x82, 0x08, 0x62, 0x08, 0x62, 0x08, 0x62, 0x08, 0x62, 0x08, 0x62, 0x08, 0x62, 0x08,
    0x62, 0x08, 0x62, 0x08, 0x62, 0x08, 0x62, 0x08, 0x62, 0x08, 0x62, 0x08, 0x62, 0x08, 0x62, 0x08,
    0x62, 0x08, 0x62, 0x08, 0x62, 0x08, 0x62, 0x08, 0x62, 0x08, 0x62, 0x08, 0x62, 0x08, 0x62, 0x08,
    0x62, 0x08, 0x62, 0x08, 0x62, 0x08, 0x62, 0x08, 0x62, 0x08, 0x62, 0x08, 0x62, 0x08, 0x62, 0x08,
    0x62, 0x08, 0x62, 0x08, 0x62, 0x08, 0x62, 0x08, 0x62, 0x08, 0x62, 0x08, 0x62, 0x08, 0x62, 0x08,
    0x62, 0x08, 0x62, 0x08, 0x62, 0x08, 0x62, 0x08, 0x62, 0x08, 0x62, 0x08, 0x82, 0x08, 0x00, 0x00,
    0xA3, 0x10, 0x39, 0xBE, 0xFF, 0xFF, 0x5D, 0xE7, 0x7E, 0xEF, 0x5D, 0xE7, 0xFF, 0xFF, 0x93, 0x8C,
    0x00, 0x00, 0x82, 0x08, 0x62, 0x08, 0x62, 0x08, 0x62, 0x08, 0x62, 0x08, 0x62, 0x08, 0x62, 0x08,
    0x62, 0x08, 0x62, 0x08, 0x62, 0x08, 0x62, 0x08, 0x62, 0x08, 0x62, 0x08, 0x62, 0x08, 0x62, 0x08,
    0x62, 0x08, 0x62, 0x08, 0x62, 0x08, 0x62, 0x08, 0x62, 0x08, 0x62, 0x08, 0x62, 0x08, 0x62, 0x08,
    0x62, 0x08, 0x62, 0x08, 0x62, 0x08, 0x62, 0x08, 0x62, 0x08, 0x62, 0x08, 0x62, 0x08, 0x82, 0x08,
    0x00, 0x00, 0x2D, 0x63, 0xDF, 0xF7, 0x7E, 0xEF, 0x7E, 0xE7, 0x5D, 0xE7, 0xBF, 0xEF, 0x3D, 0xE7,
    0xAB, 0x52, 0x00, 0x00, 0x62, 0x08, 0x82, 0x08, 0x62, 0x08, 0x62, 0x08, 0x62, 0x08, 0x62, 0x08,
    0x62, 0x08, 0x62, 0x08, 0x62, 0x08, 0x62, 0x08, 0x62, 0x08, 0x62, 0x08, 0x62, 0x08, 0x62, 0x08,
    0x62, 0x08, 0x62, 0x08, 0x62, 0x08, 0x62, 0x08, 0x62, 0x08, 0x62, 0x08, 0x62, 0x08, 0x62, 0x08,
    0x62, 0x08, 0x62, 0x08, 0x62, 0x08, 0x62, 0x08, 0x62, 0x08, 0x62, 0x08, 0x62, 0x08, 0x62, 0x08,
    0x62, 0x08, 0x62, 0x08, 0x62, 0x08, 0x62, 0x08, 0x62, 0x08, 0x62, 0x08, 0x62, 0x08, 0x62, 0x08,
    0x62, 0x08, 0x62, 0x08, 0x62, 0x08, 0x62, 0x08, 0x82, 0x08, 0x82, 0x08, 0x00, 0x00, 0x86, 0x29,
    0x59, 0xC6, 0xDF, 0xF7, 0x5D, 0xE7, 0x7E, 0xEF, 0x5D, 0xE7, 0xFF, 0xFF, 0xB3, 0x94, 0x00, 0x00,
    0x62, 0x08, 0x62, 0x08, 0x62, 0x08, 0x62, 0x08, 0x62, 0x08, 0x62, 0x08, 0x62, 0x08, 0x62, 0x08,
    0x62, 0x08, 0x62, 0x08, 0x62, 0x08, 0x62, 0x08, 0x62, 0x08, 0x62, 0x08, 0x62, 0x08, 0x62, 0x08,
    0x62, 0x08, 0x62, 0x08, 0x62, 0x08, 0x62, 0x08, 0x62, 0x08, 0x62, 0x08, 0x62, 0x08, 0x62, 0x08,
    0x62, 0x08, 0x62, 0x08, 0x62, 0x08, 0x62, 0x08, 0x62, 0x08, 0x62, 0x08, 0x62, 0x08, 0x62, 0x08,
    0x82, 0x08, 0x00, 0x00, 0x2D, 0x63, 0xDF, 0xF7, 0x7E, 0xEF, 0x7E, 0xE7, 0x7E, 0xE7, 0x9E, 0xEF,
    0xDF, 0xF7, 0x72, 0x84, 0x41, 0x00, 0x21, 0x00, 0x82, 0x08, 0x62, 0x08, 0x62, 0x08, 0x62, 0x08,
    0x62, 0x08, 0x62, 0x08, 0x62, 0x08, 0x62, 0x08, 0x62, 0x08, 0x62, 0x08, 0x62, 0x08, 0x62, 0x08,
    0x62, 0x08, 0x62, 0x08, 0x62, 0x08, 0x62, 0x08, 0x62, 0x08, 0x62, 0x08, 0x62, 0x08, 0x62, 0x08,
    0x62, 0x08, 0x62, 0x08, 0x62, 0x08, 0x62, 0x08, 0x62, 0x08, 0x62, 0x08, 0x62, 0x08, 0x62, 0x08,
    0x62, 0x08, 0x62, 0x08, 0x62, 0x08, 0x62, 0x08, 0x62, 0x08, 0x62, 0x08, 0x62, 0x08, 0x62, 0x08,
    0x62, 0x08, 0x62, 0x08, 0x62, 0x08, 0x82, 0x08, 0x41, 0x00, 0x00, 0x00, 0x0C, 0x5B, 0x7D, 0xE7,
    0xDF, 0xF7, 0x5D, 0xE7, 0x7E, 0xEF, 0x5D, 0xE7, 0xFF, 0xFF, 0xB3, 0x94, 0x00, 0x00, 0x62, 0x08,
    0x62, 0x08, 0x62, 0x08, 0x62, 0x08, 0x62, 0x08, 0x62, 0x08, 0x62, 0x08, 0x62, 0x08, 0x62, 0x08,
    0x62, 0x08, 0x62, 0x08, 0x62, 0x08, 0x62, 0x08, 0x62, 0x08, 0x62, 0x08, 0x62, 0x08, 0x62, 0x08,
    0x62, 0x08, 0x62, 0x08, 0x62, 0x08, 0x62, 0x08, 0x62, 0x08, 0x62, 0x08, 0x62, 0x08, 0x62, 0x08,
    0x62, 0x08, 0x62, 0x08, 0x62, 0x08, 0x62, 0x08, 0x62, 0x08, 0x62, 0x08, 0x62, 0x08, 0x62, 0x08,
    0x62, 0x08, 0x82, 0x08, 0x00, 0x00, 0x2D, 0x63, 0xBF, 0xEF, 0x9E, 0xEF, 0x5D, 0xE7, 0x7E, 0xE7,
    0x7E, 0xE7, 0xFF, 0xFF, 0x38, 0xBE, 0xC7, 0x31, 0x00, 0x00, 0x62, 0x08, 0x82, 0x08, 0x62, 0x08,
    0x62, 0x08, 0x62, 0x08, 0x62, 0x08, 0x62, 0x08, 0x62, 0x08, 0x62, 0x08, 0x62, 0x08, 0x62, 0x08,
    0x62, 0x08, 0x62, 0x08, 0x62, 0x08, 0x62, 0x08, 0x62, 0x08, 0x62, 0x08, 0x62, 0x08, 0x62, 0x08,
    0x62, 0x08, 0x62, 0x08, 0x62, 0x08, 0x62, 0x08, 0x62, 0x08, 0x62, 0x08, 0x62, 0x08, 0x62, 0x08,
    0x62, 0x08, 0x62, 0x08, 0x62, 0x08, 0x62, 0x08, 0x62, 0x08, 0x62, 0x08, 0x62, 0x08, 0x62, 0x08,
    0x62, 0x08, 0x82, 0x08, 0x82, 0x08, 0x00, 0x00, 0xE4, 0x18, 0x14, 0x9D, 0xDF, 0xF7, 0x9E, 0xEF,
    0x5D, 0xE7, 0x7E, 0xE7, 0x7E, 0xE7, 0xFF, 0xF7, 0xB2, 0x8C, 0x00, 0x00, 0x62, 0x08, 0x82, 0x08,
    0x62, 0x08, 0x62, 0x08, 0x62, 0x08, 0x62, 0x08, 0x62, 0x08, 0x62, 0x08, 0x62, 0x08, 0x62, 0x08,
    0x62, 0x08, 0x62, 0x08, 0x62, 0x08, 0x62, 0x08, 0x62, 0x08, 0x62, 0x08, 0x62, 0x08, 0x62, 0x08,
    0x62, 0x08, 0x62, 0x08, 0x62, 0x08, 0x62, 0x08, 0x62, 0x08, 0x62, 0x08, 0x62, 0x08, 0x62, 0x08,
    0x62, 0x08, 0x62, 0x08, 0x62, 0x08, 0x62, 0x08, 0x62, 0x08, 0x62, 0x08, 0x62, 0x08, 0x62, 0x08,
    0x62, 0x08, 0x62, 0x08, 0x82, 0x08, 0x00, 0x00, 0xE8, 0x39, 0x3D, 0xDF, 0xDF, 0xF7, 0x5D, 0xE7,
    0x7E, 0xE7, 0x5D, 0xE7, 0xDF, 0xF7, 0x9E, 0xEF, 0x10, 0x7C, 0xA3, 0x10, 0x00, 0x00, 0x62, 0x08,
    0x82, 0x08, 0x62, 0x08, 0x62, 0x08, 0x62, 0x08, 0x62, 0x08, 0x62, 0x08, 0x62, 0x08, 0x62, 0x08,
    0x62, 0x08, 0x62, 0x08, 0x62, 0x08, 0x62, 0x08, 0x62, 0x08, 0x62, 0x08, 0x62, 0x08, 0x62, 0x08,
    0x62, 0x08, 0x62, 0x08, 0x62, 0x08, 0x62, 0x08, 0x62, 0x08, 0x62, 0x08, 0x62, 0x08, 0x62, 0x08,
    0x62, 0x08, 0x62, 0x08, 0x62, 0x08, 0x62, 0x08, 0x62, 0x08, 0x62, 0x08, 0x62, 0x08, 0x82, 0x08,
    0x82, 0x08, 0x00, 0x00, 0x21, 0x00, 0x0C, 0x5B, 0xFC, 0xD6, 0xFF, 0xF7, 0x5D, 0xE7, 0x7E, 0xE7,
    0x5D, 0xE7, 0x9E, 0xEF, 0xDF, 0xF7, 0x4D, 0x63, 0x00, 0x00, 0x62, 0x08, 0x62, 0x08, 0x62, 0x08,
    0x62, 0x08, 0x62, 0x08, 0x62, 0x08, 0x62, 0x08, 0x62, 0x08, 0x62, 0x08, 0x62, 0x08, 0x62, 0x08,
    0x62, 0x08, 0x62, 0x08, 0x62, 0x08, 0x62, 0x08, 0x62, 0x08, 0x62, 0x08, 0x62, 0x08, 0x62, 0x08,
    0x62, 0x08, 0x62, 0x08, 0x62, 0x08, 0x62, 0x08, 0x62, 0x08, 0x62, 0x08, 0x62, 0x08, 0x62, 0x08,
    0x62, 0x08, 0x62, 0x08, 0x62, 0x08, 0x62, 0x08, 0x62, 0x08, 0x62, 0x08, 0x62, 0x08, 0x62, 0x08,
    0x62, 0x08, 0x62, 0x08, 0x62, 0x08, 0x82, 0x08, 0x00, 0x00, 0x45, 0x21, 0xF8, 0xBD, 0xFF, 0xFF,
    0x7E, 0xE7, 0x7E, 0xE7, 0x7E, 0xE7, 0x7E, 0xEF, 0xFF, 0xFF, 0x9A, 0xCE, 0x0C, 0x5B, 0x62, 0x08,
    0x00, 0x00, 0x62, 0x08, 0x82, 0x08, 0x82, 0x08, 0x62, 0x08, 0x62, 0x08, 0x62, 0x08, 0x62, 0x08,
    0x62, 0x08, 0x62, 0x08, 0x62, 0x08, 0x62, 0x08, 0x62, 0x08, 0x62, 0x08, 0x62, 0x08, 0x62, 0x08,
    0x62, 0x08, 0x62, 0x08, 0x62, 0x08, 0x62, 0x08, 0x62, 0x08, 0x62, 0x08, 0x62, 0x08, 0x62, 0x08,
    0x62, 0x08, 0x62, 0x08, 0x62, 0x08, 0x62, 0x08, 0x82, 0x08, 0x82, 0x08, 0x62, 0x08, 0x00, 0x00,
    0x21, 0x00, 0x29, 0x42, 0xB7, 0xB5, 0xFF, 0xFF, 0x9E, 0xEF, 0x5D, 0xE7, 0x7E, 0xE7, 0x5D, 0xE7,
    0xFF, 0xF7, 0xFC, 0xDE, 0x49, 0x42, 0x00, 0x00, 0x82, 0x08, 0x62, 0x08, 0x62, 0x08, 0x62, 0x08,
    0x62, 0x08, 0x62, 0x08, 0x62, 0x08, 0x62, 0x08, 0x62, 0x08, 0x62, 0x08, 0x62, 0x08, 0x62, 0x08,
    0x62, 0x08, 0x62, 0x08, 0x62, 0x08, 0x62, 0x08, 0x62, 0x08, 0x62, 0x08, 0x62, 0x08, 0x62, 0x08,
    0x62, 0x08, 0x62, 0x08, 0x62, 0x08, 0x62, 0x08, 0x62, 0x08, 0x62, 0x08, 0x62, 0x08, 0x62, 0x08,
    0x62, 0x08, 0x62, 0x08, 0x62, 0x08, 0x62, 0x08, 0x62, 0x08, 0x62, 0x08, 0x62, 0x08, 0x62, 0x08,
    0x62, 0x08, 0x62, 0x08, 0x62, 0x08, 0x62, 0x08, 0x82, 0x08, 0x21, 0x00, 0x41, 0x00, 0x72, 0x84,
    0xDF, 0xF7, 0xBF, 0xEF, 0x5D, 0xE7, 0x7E, 0xE7, 0x5D, 0xE7, 0xBF, 0xEF, 0xFF, 0xF7, 0x79, 0xC6,
    0x0C, 0x5B, 0xA3, 0x10, 0x00, 0x00, 0x00, 0x00, 0x62, 0x08, 0x82, 0x08, 0x82, 0x08, 0x62, 0x08,
    0x62, 0x08, 0x62, 0x08, 0x62, 0x08, 0x62, 0x08, 0x62, 0x08, 0x62, 0x08, 0x62, 0x08, 0x62, 0x08,
    0x62, 0x08, 0x62, 0x08, 0x62, 0x08, 0x62, 0x08, 0x62, 0x08, 0x62, 0x08, 0x62, 0x08, 0x62, 0x08,
    0x62, 0x08, 0x82, 0x08, 0x82, 0x08, 0x62, 0x08, 0x21, 0x00, 0x00, 0x00, 0x62, 0x08, 0x49, 0x42,
    0xB7, 0xAD, 0xDF, 0xF7, 0xDF, 0xF7, 0x5D, 0xE7, 0x7E, 0xE7, 0x5D, 0xE7, 0x9E, 0xEF, 0xFF, 0xFF,
    0x96, 0xAD, 0xE4, 0x18, 0x00, 0x00, 0x82, 0x08, 0x62, 0x08, 0x62, 0x08, 0x62, 0x08, 0x62, 0x08,
    0x62, 0x08, 0x62, 0x08, 0x62, 0x08, 0x62, 0x08, 0x62, 0x08, 0x62, 0x08, 0x62, 0x08, 0x62, 0x08,
    0x62, 0x08, 0x62, 0x08, 0x62, 0x08, 0x62, 0x08, 0x62, 0x08, 0x62, 0x08, 0x62, 0x08, 0x62, 0x08,
    0x62, 0x08, 0x62, 0x08, 0x62, 0x08, 0x62, 0x08, 0x62, 0x08, 0x62, 0x08, 0x62, 0x08, 0x62, 0x08,
    0x62, 0x08, 0x62, 0x08, 0x62, 0x08, 0x62, 0x08, 0x62, 0x08, 0x62, 0x08, 0x62, 0x08, 0x62, 0x08,
    0x62, 0x08, 0x62, 0x08, 0x62, 0x08, 0x62, 0x08, 0x62, 0x08, 0x82, 0x08, 0x62, 0x08, 0x00, 0x00,
    0x49, 0x42, 0x9A, 0xCE, 0xFF, 0xFF, 0x7E, 0xEF, 0x5D, 0xE7, 0x7E, 0xE7, 0x5D, 0xE7, 0xBF, 0xF7,
    0xFF, 0xF7, 0xDB, 0xD6, 0x51, 0x84, 0x08, 0x3A, 0x62, 0x08, 0x00, 0x00, 0x00, 0x00, 0x41, 0x00,
    0x82, 0x08, 0x82, 0x08, 0x82, 0x08, 0x82, 0x08, 0x82, 0x08, 0x62, 0x08, 0x62, 0x08, 0x62, 0x08,
    0x62, 0x08, 0x62, 0x08, 0x62, 0x08, 0x82, 0x08, 0x82, 0x08, 0x82, 0x08, 0x82, 0x08, 0x82, 0x08,
    0x62, 0x08, 0x21, 0x00, 0x00, 0x00, 0x41, 0x00, 0x86, 0x29, 0xAE, 0x73, 0x39, 0xC6, 0xDF, 0xF7,
    0xDF, 0xF7, 0x7E, 0xE7, 0x5D, 0xE7, 0x5D, 0xE7, 0x5D, 0xE7, 0xFF, 0xF7, 0x5D, 0xE7, 0x4D, 0x63,
    0x21, 0x00, 0x41, 0x00, 0x82, 0x08, 0x62, 0x08, 0x62, 0x08, 0x62, 0x08, 0x62, 0x08, 0x62, 0x08,
    0x62, 0x08, 0x62, 0x08, 0x62, 0x08, 0x62, 0x08, 0x62, 0x08, 0x62, 0x08, 0x62, 0x08, 0x62, 0x08,
    0x62, 0x08, 0x62, 0x08, 0x62, 0x08, 0x62, 0x08, 0x62, 0x08, 0x62, 0x08, 0x62, 0x08, 0x62, 0x08,
    0x62, 0x08, 0x62, 0x08, 0x62, 0x08, 0x62, 0x08, 0x62, 0x08, 0x62, 0x08, 0x62, 0x08, 0x62, 0x08,
    0x62, 0x08, 0x62, 0x08, 0x62, 0x08, 0x62, 0x08, 0x62, 0x08, 0x62, 0x08, 0x62, 0x08, 0x62, 0x08,
    0x62, 0x08, 0x62, 0x08, 0x62, 0x08, 0x62, 0x08, 0x62, 0x08, 0x62, 0x08, 0x62, 0x08, 0x82, 0x08,
    0x00, 0x00, 0xA3, 0x10, 0x10, 0x7C, 0x7E, 0xEF, 0xFF, 0xF7, 0x7E, 0xEF, 0x5D, 0xE7, 0x7E, 0xE7,
    0x5D, 0xE7, 0x9E, 0xEF, 0xFF, 0xFF, 0xBF, 0xEF, 0x7A, 0xC6, 0x31, 0x84, 0x29, 0x42, 0xE4, 0x18,
    0x21, 0x00, 0x00, 0x00, 0x00, 0x00, 0x00, 0x00, 0x00, 0x00, 0x41, 0x00, 0x41, 0x00, 0x41, 0x00,
    0x41, 0x00, 0x41, 0x00, 0x41, 0x00, 0x21, 0x00, 0x00, 0x00, 0x00, 0x00, 0x00, 0x00, 0x00, 0x00,
    0xA3, 0x10, 0xC7, 0x31, 0xAF, 0x6B, 0xF8, 0xBD, 0x7E, 0xEF, 0xFF, 0xFF, 0xBF, 0xF7, 0x7E, 0xE7,
    0x5D, 0xE7, 0x5D, 0xE7, 0x7E, 0xE7, 0xDF, 0xF7, 0xDF, 0xF7, 0x34, 0x9D, 0x45, 0x21, 0x00, 0x00,
    0x82, 0x08, 0x82, 0x08, 0x62, 0x08, 0x62, 0x08, 0x62, 0x08, 0x62, 0x08, 0x62, 0x08, 0x62, 0x08,
    0x62, 0x08, 0x62, 0x08, 0x62, 0x08, 0x62, 0x08, 0x62, 0x08, 0x62, 0x08, 0x62, 0x08, 0x62, 0x08,
    0x62, 0x08, 0x62, 0x08, 0x62, 0x08, 0x62, 0x08, 0x62, 0x08, 0x62, 0x08, 0x62, 0x08, 0x62, 0x08,
    0x62, 0x08, 0x62, 0x08, 0x62, 0x08, 0x62, 0x08, 0x62, 0x08, 0x62, 0x08, 0x62, 0x08, 0x62, 0x08,
    0x62, 0x08, 0x62, 0x08, 0x62, 0x08, 0x62, 0x08, 0x62, 0x08, 0x62, 0x08, 0x62, 0x08, 0x62, 0x08,
    0x62, 0x08, 0x62, 0x08, 0x62, 0x08, 0x62, 0x08, 0x62, 0x08, 0x62, 0x08, 0x62, 0x08, 0x62, 0x08,
    0x82, 0x08, 0x62, 0x08, 0x00, 0x00, 0x86, 0x29, 0xD3, 0x94, 0x7E, 0xEF, 0xFF, 0xF7, 0x7E, 0xEF,
    0x5D, 0xE7, 0x5D, 0xE7, 0x5D, 0xE7, 0x7E, 0xE7, 0xBF, 0xF7, 0xFF, 0xFF, 0xDF, 0xF7, 0xFC, 0xDE,
    0xD7, 0xB5, 0x72, 0x8C, 0x6E, 0x6B, 0x29, 0x42, 0x29, 0x42, 0xE4, 0x18, 0xE4, 0x18, 0xE4, 0x18,
    0xE4, 0x18, 0xE4, 0x18, 0xC3, 0x10, 0xE8, 0x39, 0x29, 0x42, 0x0C, 0x5B, 0x31, 0x84, 0x76, 0xAD,
    0xBB, 0xCE, 0xBF, 0xEF, 0xFF, 0xFF, 0xDF, 0xF7, 0x7E, 0xEF, 0x5D, 0xE7, 0x5D, 0xE7, 0x5D, 0xE7,
    0x7E, 0xE7, 0xDF, 0xF7, 0xDF, 0xF7, 0xB7, 0xAD, 0x49, 0x42, 0x00, 0x00, 0x21, 0x00, 0x82, 0x08,
    0x62, 0x08, 0x62, 0x08, 0x62, 0x08, 0x62, 0x08, 0x62, 0x08, 0x62, 0x08, 0x62, 0x08, 0x62, 0x08,
    0x62, 0x08, 0x62, 0x08, 0x62, 0x08, 0x62, 0x08, 0x62, 0x08, 0x62, 0x08, 0x62, 0x08, 0x62, 0x08,
    0x62, 0x08, 0x62, 0x08, 0x62, 0x08, 0x62, 0x08, 0x62, 0x08, 0x62, 0x08, 0x62, 0x08, 0x62, 0x08,
    0x62, 0x08, 0x62, 0x08, 0x62, 0x08, 0x62, 0x08, 0x62, 0x08, 0x62, 0x08, 0x62, 0x08, 0x62, 0x08,
    0x62, 0x08, 0x62, 0x08, 0x62, 0x08, 0x62, 0x08, 0x62, 0x08, 0x62, 0x08, 0x62, 0x08, 0x62, 0x08,
    0x62, 0x08, 0x62, 0x08, 0x62, 0x08, 0x62, 0x08, 0x62, 0x08, 0x62, 0x08, 0x62, 0x08, 0x62, 0x08,
    0x62, 0x08, 0x62, 0x08, 0x82, 0x08, 0x21, 0x00, 0x00, 0x00, 0x86, 0x29, 0xD3, 0x94, 0x7E, 0xE7,
    0xFF, 0xF7, 0xBF, 0xF7, 0x7E, 0xE7, 0x5D, 0xE7, 0x5D, 0xE7, 0x5D, 0xE7, 0x7E, 0xE7, 0x9E, 0xEF,
    0xDF, 0xF7, 0xFF, 0xFF, 0xFF, 0xF7, 0xDF, 0xF7, 0xBF, 0xF7, 0x1C, 0xDF, 0xFC, 0xDE, 0x1C, 0xDF,
    0xFC, 0xDE, 0x1C, 0xDF, 0xFC, 0xDE, 0x9E, 0xEF, 0xDF, 0xF7, 0xDF, 0xF7, 0xFF, 0xFF, 0xDF, 0xF7,
    0xBF, 0xEF, 0x7E, 0xE7, 0x5D, 0xE7, 0x5D, 0xE7, 0x5D, 0xE7, 0x5D, 0xE7, 0x9E, 0xEF, 0xFF, 0xF7,
    0xBF, 0xF7, 0xB7, 0xAD, 0x49, 0x42, 0x21, 0x00, 0x00, 0x00, 0x82, 0x08, 0x82, 0x08, 0x62, 0x08,
    0x62, 0x08, 0x62, 0x08, 0x62, 0x08, 0x62, 0x08, 0x62, 0x08, 0x62, 0x08, 0x62, 0x08, 0x62, 0x08,
    0x62, 0x08, 0x62, 0x08, 0x62, 0x08, 0x62, 0x08, 0x62, 0x08, 0x62, 0x08, 0x62, 0x08, 0x62, 0x08,
    0x62, 0x08, 0x62, 0x08, 0x62, 0x08, 0x62, 0x08, 0x62, 0x08, 0x62, 0x08, 0x62, 0x08, 0x62, 0x08,
    0x62, 0x08, 0x62, 0x08, 0x62, 0x08, 0x62, 0x08, 0x62, 0x08, 0x62, 0x08, 0x62, 0x08, 0x62, 0x08,
    0x62, 0x08, 0x62, 0x08, 0x62, 0x08, 0x62, 0x08, 0x62, 0x08, 0x62, 0x08, 0x62, 0x08, 0x62, 0x08,
    0x62, 0x08, 0x62, 0x08, 0x62, 0x08, 0x62, 0x08, 0x62, 0x08, 0x62, 0x08, 0x62, 0x08, 0x62, 0x08,
    0x62, 0x08, 0x62, 0x08, 0x62, 0x08, 0x82, 0x08, 0x82, 0x08, 0x21, 0x00, 0x00, 0x00, 0x66, 0x29,
    0xF0, 0x7B, 0x7A, 0xCE, 0xBF, 0xEF, 0xFF, 0xFF, 0xBF, 0xF7, 0x7E, 0xEF, 0x5D, 0xE7, 0x5D, 0xE7,
    0x5D, 0xE7, 0x5D, 0xE7, 0x5D, 0xE7, 0x7E, 0xE7, 0x7E, 0xE7, 0x9E, 0xEF, 0x9E, 0xEF, 0x9E, 0xEF,
    0x9E, 0xEF, 0x9E, 0xEF, 0x9E, 0xEF, 0x7E, 0xE7, 0x7E, 0xE7, 0x5D, 0xE7, 0x5D, 0xE7, 0x5D, 0xE7,
    0x5D, 0xE7, 0x5D, 0xE7, 0x7E, 0xE7, 0xBF, 0xEF, 0xFF, 0xF7, 0xDF, 0xF7, 0xDB, 0xD6, 0xB3, 0x94,
    0xE8, 0x39, 0x21, 0x00, 0x00, 0x00, 0x82, 0x08, 0x82, 0x08, 0x62, 0x08, 0x62, 0x08, 0x62, 0x08,
    0x62, 0x08, 0x62, 0x08, 0x62, 0x08, 0x62, 0x08, 0x62, 0x08, 0x62, 0x08, 0x62, 0x08, 0x62, 0x08,
    0x62, 0x08, 0x62, 0x08, 0x62, 0x08, 0x62, 0x08, 0x62, 0x08, 0x62, 0x08, 0x62, 0x08, 0x62, 0x08,
    0x62, 0x08, 0x62, 0x08, 0x62, 0x08, 0x62, 0x08, 0x62, 0x08, 0x62, 0x08, 0x62, 0x08, 0x62, 0x08,
    0x62, 0x08, 0x62, 0x08, 0x62, 0x08, 0x62, 0x08, 0x62, 0x08, 0x62, 0x08, 0x62, 0x08, 0x62, 0x08,
    0x62, 0x08, 0x62, 0x08, 0x62, 0x08, 0x62, 0x08, 0x62, 0x08, 0x62, 0x08, 0x62, 0x08, 0x62, 0x08,
    0x62, 0x08, 0x62, 0x08, 0x62, 0x08, 0x62, 0x08, 0x62, 0x08, 0x62, 0x08, 0x62, 0x08, 0x62, 0x08,
    0x62, 0x08, 0x62, 0x08, 0x62, 0x08, 0x62, 0x08, 0x62, 0x08, 0x82, 0x08, 0x82, 0x08, 0x21, 0x00,
    0x00, 0x00, 0x62, 0x08, 0x08, 0x3A, 0x51, 0x84, 0x59, 0xC6, 0x7E, 0xEF, 0xFF, 0xF7, 0xFF, 0xF7,
    0xDF, 0xF7, 0x9E, 0xEF, 0x7E, 0xEF, 0x5E, 0xE7, 0x7E, 0xE7, 0x5D, 0xE7, 0x5D, 0xE7, 0x5D, 0xE7,
    0x5D, 0xE7, 0x5D, 0xE7, 0x5D, 0xE7, 0x5D, 0xE7, 0x7E, 0xE7, 0x7E, 0xE7, 0x9E, 0xEF, 0xDF, 0xF7,
    0xFF, 0xF7, 0xFF, 0xFF, 0x9E, 0xEF, 0xBB, 0xD6, 0xD3, 0x94, 0x8A, 0x4A, 0xC3, 0x10, 0x00, 0x00,
    0x00, 0x00, 0x82, 0x08, 0x82, 0x08, 0x62, 0x08, 0x62, 0x08, 0x62, 0x08, 0x62, 0x08, 0x62, 0x08,
    0x62, 0x08, 0x62, 0x08, 0x62, 0x08, 0x62, 0x08, 0x62, 0x08, 0x62, 0x08, 0x62, 0x08, 0x62, 0x08,
    0x62, 0x08, 0x62, 0x08, 0x62, 0x08, 0x62, 0x08, 0x62, 0x08, 0x62, 0x08, 0x62, 0x08, 0x62, 0x08,
    0x62, 0x08, 0x62, 0x08, 0x62, 0x08, 0x62, 0x08, 0x62, 0x08, 0x62, 0x08, 0x62, 0x08, 0x62, 0x08,
    0x62, 0x08, 0x62, 0x08, 0x62, 0x08, 0x62, 0x08, 0x62, 0x08, 0x62, 0x08, 0x62, 0x08, 0x62, 0x08,
    0x62, 0x08, 0x62, 0x08, 0x62, 0x08, 0x62, 0x08, 0x62, 0x08, 0x62, 0x08, 0x62, 0x08, 0x62, 0x08,
    0x62, 0x08, 0x62, 0x08, 0x62, 0x08, 0x62, 0x08, 0x62, 0x08, 0x62, 0x08, 0x62, 0x08, 0x62, 0x08,
    0x62, 0x08, 0x62, 0x08, 0x62, 0x08, 0x62, 0x08, 0x62, 0x08, 0x62, 0x08, 0x62, 0x08, 0x82, 0x08,
    0x82, 0x08, 0x62, 0x08, 0x00, 0x00, 0x00, 0x00, 0x62, 0x08, 0x86, 0x29, 0x0C, 0x5B, 0xF3, 0x94,
    0xD7, 0xB5, 0xDB, 0xD6, 0x7E, 0xE7, 0xDF, 0xF7, 0xDF, 0xF7, 0xFF, 0xFF, 0xFF, 0xFF, 0xFF, 0xFF,
    0xFF, 0xFF, 0xFF, 0xFF, 0xFF, 0xFF, 0xDF, 0xF7, 0xDF, 0xF7, 0x9E, 0xEF, 0x1C, 0xDF, 0x18, 0xBE,
    0x35, 0xA5, 0x8E, 0x6B, 0xE8, 0x31, 0xA3, 0x10, 0x00, 0x00, 0x00, 0x00, 0x41, 0x00, 0x82, 0x08,
    0x82, 0x08, 0x62, 0x08, 0x62, 0x08, 0x62, 0x08, 0x62, 0x08, 0x62, 0x08, 0x62, 0x08, 0x62, 0x08,
    0x62, 0x08, 0x62, 0x08, 0x62, 0x08, 0x62, 0x08, 0x62, 0x08, 0x62, 0x08, 0x62, 0x08, 0x62, 0x08,
    0x62, 0x08, 0x62, 0x08, 0x62, 0x08, 0x62, 0x08, 0x62, 0x08, 0x62, 0x08, 0x62, 0x08, 0x62, 0x08,
    0x62, 0x08, 0x62, 0x08, 0x62, 0x08, 0x62, 0x08, 0x62, 0x08, 0x62, 0x08, 0x62, 0x08, 0x62, 0x08,
    0x62, 0x08, 0x62, 0x08, 0x62, 0x08, 0x62, 0x08, 0x62, 0x08, 0x62, 0x08, 0x62, 0x08, 0x62, 0x08,
    0x62, 0x08, 0x62, 0x08, 0x62, 0x08, 0x62, 0x08, 0x62, 0x08, 0x62, 0x08, 0x62, 0x08, 0x62, 0x08,
    0x62, 0x08, 0x62, 0x08, 0x62, 0x08, 0x62, 0x08, 0x62, 0x08, 0x62, 0x08, 0x62, 0x08, 0x62, 0x08,
    0x62, 0x08, 0x62, 0x08, 0x62, 0x08, 0x62, 0x08, 0x62, 0x08, 0x62, 0x08, 0x62, 0x08, 0x62, 0x08,
    0x62, 0x08, 0x62, 0x08, 0x82, 0x08, 0x82, 0x08, 0x62, 0x08, 0x21, 0x00, 0x00, 0x00, 0x00, 0x00,
    0x21, 0x00, 0xC3, 0x10, 0x86, 0x29, 0x49, 0x42, 0x49, 0x42, 0xCF, 0x73, 0xF0, 0x7B, 0xF0, 0x7B,
    0xF0, 0x7B, 0xF0, 0x7B, 0x10, 0x7C, 0xAB, 0x52, 0x29, 0x42, 0xE8, 0x39, 0xE4, 0x10, 0x41, 0x00,
    0x00, 0x00, 0x00, 0x00, 0x21, 0x00, 0x62, 0x08, 0x82, 0x08, 0x82, 0x08, 0x62, 0x08, 0x62, 0x08,
    0x62, 0x08, 0x62, 0x08, 0x62, 0x08, 0x62, 0x08, 0x62, 0x08, 0x62, 0x08, 0x62, 0x08, 0x62, 0x08,
    0x62, 0x08, 0x62, 0x08, 0x62, 0x08, 0x62, 0x08, 0x62, 0x08, 0x62, 0x08, 0x62, 0x08, 0x62, 0x08,
    0x62, 0x08, 0x62, 0x08, 0x62, 0x08, 0x62, 0x08, 0x62, 0x08, 0x62, 0x08, 0x62, 0x08, 0x62, 0x08,
    0x62, 0x08, 0x62, 0x08, 0x62, 0x08, 0x62, 0x08, 0x62, 0x08, 0x62, 0x08, 0x62, 0x08, 0x62, 0x08,
    0x62, 0x08, 0x62, 0x08, 0x62, 0x08, 0x62, 0x08, 0x62, 0x08, 0x62, 0x08, 0x62, 0x08, 0x62, 0x08,
    0x62, 0x08, 0x62, 0x08, 0x62, 0x08, 0x62, 0x08, 0x62, 0x08, 0x62, 0x08, 0x62, 0x08, 0x62, 0x08,
    0x62, 0x08, 0x62, 0x08, 0x62, 0x08, 0x62, 0x08, 0x62, 0x08, 0x62, 0x08, 0x62, 0x08, 0x62, 0x08,
    0x62, 0x08, 0x62, 0x08, 0x62, 0x08, 0x62, 0x08, 0x62, 0x08, 0x62, 0x08, 0x62, 0x08, 0x62, 0x08,
    0x62, 0x08, 0x62, 0x08, 0x62, 0x08, 0x62, 0x08, 0x62, 0x08, 0x82, 0x08, 0x82, 0x08, 0x82, 0x08,
    0x62, 0x08, 0x41, 0x00, 0x21, 0x00, 0x00, 0x00, 0x00, 0x00, 0x00, 0x00, 0x00, 0x00, 0x00, 0x00,
    0x00, 0x00, 0x00, 0x00, 0x00, 0x00, 0x00, 0x00, 0x00, 0x00, 0x21, 0x00, 0x41, 0x00, 0x62, 0x08,
    0x82, 0x08, 0x82, 0x08, 0x82, 0x08, 0x62, 0x08, 0x62, 0x08, 0x62, 0x08, 0x62, 0x08, 0x62, 0x08,
    0x62, 0x08, 0x62, 0x08, 0x62, 0x08, 0x62, 0x08, 0x62, 0x08, 0x62, 0x08, 0x62, 0x08, 0x62, 0x08,
    0x62, 0x08, 0x62, 0x08, 0x62, 0x08, 0x62, 0x08, 0x62, 0x08, 0x62, 0x08, 0x62, 0x08, 0x62, 0x08,
    0x62, 0x08, 0x62, 0x08, 0x62, 0x08, 0x62, 0x08, 0x62, 0x08, 0x62, 0x08, 0x62, 0x08, 0x62, 0x08,
    0x62, 0x08, 0x62, 0x08, 0x62, 0x08, 0x62, 0x08, 0x62, 0x08, 0x62, 0x08, 0x62, 0x08, 0x62, 0x08,
    0x62, 0x08, 0x62, 0x08, 0x62, 0x08, 0x62, 0x08, 0x62, 0x08, 0x62, 0x08, 0x62, 0x08, 0x62, 0x08,
    0x62, 0x08, 0x62, 0x08, 0x62, 0x08, 0x62, 0x08, 0x62, 0x08, 0x62, 0x08, 0x62, 0x08, 0x62, 0x08,
    0x62, 0x08, 0x62, 0x08, 0x62, 0x08, 0x62, 0x08, 0x62, 0x08, 0x62, 0x08, 0x62, 0x08, 0x62, 0x08,
    0x62, 0x08, 0x62, 0x08, 0x62, 0x08, 0x62, 0x08, 0x62, 0x08, 0x62, 0x08, 0x62, 0x08, 0x62, 0x08,
    0x62, 0x08, 0x62, 0x08, 0x62, 0x08, 0x62, 0x08, 0x62, 0x08, 0x62, 0x08, 0x62, 0x08, 0x62, 0x08,
    0x62, 0x08, 0x62, 0x08, 0x82, 0x08, 0x82, 0x08, 0x82, 0x08, 0x82, 0x08, 0x82, 0x08, 0x82, 0x08,
    0x82, 0x08, 0x82, 0x08, 0x82, 0x08, 0x82, 0x08, 0x82, 0x08, 0x82, 0x08, 0x62, 0x08, 0x62, 0x08,
    0x62, 0x08, 0x62, 0x08, 0x62, 0x08, 0x62, 0x08, 0x62, 0x08, 0x62, 0x08, 0x62, 0x08, 0x62, 0x08,
    0x62, 0x08, 0x62, 0x08, 0x62, 0x08, 0x62, 0x08, 0x62, 0x08, 0x62, 0x08, 0x62, 0x08, 0x62, 0x08,
    0x62, 0x08, 0x62, 0x08, 0x62, 0x08, 0x62, 0x08, 0x62, 0x08, 0x62, 0x08, 0x62, 0x08, 0x62, 0x08,
    0x62, 0x08, 0x62, 0x08, 0x62, 0x08, 0x62, 0x08, 0x62, 0x08, 0x62, 0x08, 0x62, 0x08, 0x62, 0x08,
    0x62, 0x08, 0x62, 0x08, 0x62, 0x08, 0x62, 0x08, 0x62, 0x08, 0x62, 0x08, 0x62, 0x08, 0x62, 0x08,
    0x62, 0x08, 0x62, 0x08, 0x62, 0x08, 0x62, 0x08, 0x62, 0x08, 0x62, 0x08, 0x62, 0x08, 0x62, 0x08,
    0x62, 0x08, 0x62, 0x08, 0x62, 0x08, 0x62, 0x08, 0x62, 0x08, 0x62, 0x08, 0x62, 0x08, 0x62, 0x08,
    0x62, 0x08, 0x62, 0x08, 0x62, 0x08, 0x62, 0x08, 0x62, 0x08, 0x62, 0x08, 0x62, 0x08, 0x62, 0x08,
    0x62, 0x08, 0x62, 0x08, 0x62, 0x08, 0x62, 0x08, 0x62, 0x08, 0x62, 0x08, 0x62, 0x08, 0x62, 0x08,
    0x62, 0x08, 0x62, 0x08, 0x62, 0x08, 0x62, 0x08, 0x62, 0x08, 0x62, 0x08, 0x62, 0x08, 0x62, 0x08,
    0x62, 0x08, 0x62, 0x08, 0x62, 0x08, 0x62, 0x08, 0x62, 0x08, 0x62, 0x08, 0x62, 0x08, 0x62, 0x08,
    0x62, 0x08, 0x62, 0x08, 0x62, 0x08, 0x62, 0x08, 0x62, 0x08, 0x62, 0x08, 0x62, 0x08, 0x62, 0x08,
    0x62, 0x08, 0x62, 0x08, 0x62, 0x08, 0x62, 0x08, 0x62, 0x08, 0x62, 0x08, 0x62, 0x08, 0x62, 0x08,
    0x62, 0x08, 0x62, 0x08, 0x62, 0x08, 0x62, 0x08, 0x62, 0x08, 0x62, 0x08, 0x62, 0x08, 0x62, 0x08,
    0x62, 0x08, 0x62, 0x08, 0x62, 0x08, 0x62, 0x08, 0x62, 0x08, 0x62, 0x08, 0x62, 0x08, 0x62, 0x08,
    0x62, 0x08, 0x62, 0x08, 0x62, 0x08, 0x62, 0x08, 0x62, 0x08, 0x62, 0x08, 0x62, 0x08, 0x62, 0x08,
    0x62, 0x08, 0x62, 0x08, 0x62, 0x08, 0x62, 0x08, 0x62, 0x08, 0x62, 0x08, 0x62, 0x08, 0x62, 0x08,
    0x62, 0x08, 0x62, 0x08, 0x62, 0x08, 0x62, 0x08, 0x62, 0x08, 0x62, 0x08, 0x62, 0x08, 0x62, 0x08,
    0x62, 0x08, 0x62, 0x08, 0x62, 0x08, 0x62, 0x08, 0x62, 0x08, 0x62, 0x08, 0x62, 0x08, 0x62, 0x08,
    0x62, 0x08, 0x62, 0x08, 0x62, 0x08, 0x62, 0x08, 0x62, 0x08, 0x62, 0x08, 0x62, 0x08, 0x62, 0x08,
    0x62, 0x08, 0x62, 0x08, 0x62, 0x08, 0x62, 0x08, 0x62, 0x08, 0x62, 0x08, 0x62, 0x08, 0x62, 0x08,
    0x62, 0x08, 0x62, 0x08, 0x62, 0x08, 0x62, 0x08, 0x62, 0x08, 0x62, 0x08, 0x62, 0x08, 0x62, 0x08,
    0x62, 0x08, 0x62, 0x08, 0x62, 0x08, 0x62, 0x08, 0x62, 0x08, 0x62, 0x08, 0x62, 0x08, 0x62, 0x08,
    0x62, 0x08, 0x62, 0x08, 0x62, 0x08, 0x62, 0x08, 0x62, 0x08, 0x62, 0x08, 0x62, 0x08, 0x62, 0x08,
    0x62, 0x08, 0x62, 0x08, 0x62, 0x08, 0x62, 0x08, 0x62, 0x08, 0x62, 0x08, 0x62, 0x08, 0x62, 0x08,
    0x62, 0x08, 0x62, 0x08, 0x62, 0x08, 0x62, 0x08, 0x62, 0x08, 0x62, 0x08, 0x62, 0x08, 0x62, 0x08,
    0x62, 0x08, 0x62, 0x08, 0x62, 0x08, 0x62, 0x08, 0x62, 0x08, 0x62, 0x08, 0x62, 0x08, 0x62, 0x08,
    0x62, 0x08, 0x62, 0x08, 0x62, 0x08, 0x62, 0x08, 0x62, 0x08, 0x62, 0x08, 0x62, 0x08, 0x62, 0x08,
    0x62, 0x08, 0x62, 0x08, 0x62, 0x08, 0x62, 0x08, 0x62, 0x08, 0x62, 0x08, 0x62, 0x08, 0x62, 0x08,
    0x62, 0x08, 0x62, 0x08, 0x62, 0x08, 0x62, 0x08, 0x62, 0x08, 0x62, 0x08, 0x62, 0x08, 0x62, 0x08,
    0x62, 0x08, 0x62, 0x08, 0x62, 0x08, 0x62, 0x08, 0x62, 0x08, 0x62, 0x08, 0x62, 0x08, 0x62, 0x08,
    0x62, 0x08, 0x62, 0x08, 0x62, 0x08, 0x62, 0x08, 0x62, 0x08, 0x62, 0x08, 0x62, 0x08, 0x62, 0x08,
    0x62, 0x08, 0x62, 0x08, 0x62, 0x08, 0x62, 0x08, 0x62, 0x08, 0x62, 0x08, 0x62, 0x08, 0x62, 0x08,
    0x62, 0x08, 0x62, 0x08, 0x62, 0x08, 0x62, 0x08, 0x62, 0x08, 0x62, 0x08, 0x62, 0x08, 0x62, 0x08,
    0x62, 0x08, 0x62, 0x08, 0x62, 0x08, 0x62, 0x08, 0x62, 0x08, 0x62, 0x08, 0x62, 0x08, 0x62, 0x08,
    0x62, 0x08, 0x62, 0x08, 0x62, 0x08, 0x62, 0x08, 0x62, 0x08, 0x62, 0x08, 0x62, 0x08, 0x62, 0x08,
    0x62, 0x08, 0x62, 0x08, 0x62, 0x08, 0x62, 0x08, 0x62, 0x08, 0x62, 0x08, 0x62, 0x08, 0x62, 0x08,
    0x62, 0x08, 0x62, 0x08, 0x62, 0x08, 0x62, 0x08, 0x62, 0x08, 0x62, 0x08, 0x62, 0x08, 0x62, 0x08,
    0x62, 0x08, 0x62, 0x08, 0x62, 0x08, 0x62, 0x08, 0x62, 0x08, 0x62, 0x08, 0x62, 0x08, 0x62, 0x08,
    0x62, 0x08, 0x62, 0x08, 0x62, 0x08, 0x62, 0x08, 0x62, 0x08, 0x62, 0x08, 0x62, 0x08, 0x62, 0x08,
    0x62, 0x08, 0x62, 0x08, 0x62, 0x08, 0x62, 0x08, 0x62, 0x08, 0x62, 0x08, 0x62, 0x08, 0x62, 0x08,
};

const lv_image_dsc_t kni_logo = {
    .header    = { .cf = LV_COLOR_FORMAT_RGB565, .w = 96, .h = 96, .stride = 192 },
    .data_size = 18432,
    .data      = _kni_logo_map,
};
#endif
